weight_0,center_0_0,basis_0_0,center_1_0,basis_1_0,center_2_0,basis_2_0,center_3_0,basis_3_0,weight_1,center_0_1,basis_0_1,center_1_1,basis_1_1,center_2_1,basis_2_1,center_3_1,basis_3_1,-Jrel,Jadd,Jtubr
0.055021448424205005,0.9446150828861399,1.8766356424924533,0.6287650928226066,1.8182225708254736,0.31238218434391574,0.9095134565600544,0.013506169099292697,1.4359482895685132,0.5771349569276301,0.8304950344591858,0.08099499396176706,0.824625428193169,1.7726711048026158,0.6650119955013198,1.8954902679281076,0.31824709371430127,1.5333616828620118,-0.5508,0.5405,1.0
0.4719677342221982,0.1748545478345065,1.3463188106977793,0.8923286605968279,1.0349177461228718,0.2969945515349704,0.01585243557410171,0.977976169092527,0.17220900106420847,0.4342682236540911,0.8036666024108485,0.011950274645675774,0.5858323500631386,0.9156652485476705,0.6755442020364189,1.862876749665102,0.7603411425272197,0.043047283950796905,-0.3394,0.7585,0.3154
0.06185930367703177,0.3391045943792222,1.8960375341767843,0.39049114152467873,0.6717119253006831,0.2924978692859847,0.01585243557410171,0.9773527161173882,0.1556041611895707,0.06487611696822299,0.7816844072783591,0.08383276534217687,0.2942152060426809,1.7073253007689262,0.6215206865744173,1.9584485658651145,0.7534901265186905,0.04973542346566612,-0.3299,0.7398,0.3519
0.017708784691603148,0.9385860627036462,1.9216569024531225,0.3387163523862616,1.3023641277149398,0.3206844934036829,0.9872271839726399,0.1478448426859011,0.035808693636143696,0.5336469448844315,0.7868338888820194,0.012636388412227133,0.8480547756817415,0.11591107808912085,0.705472375226633,1.9617183374185463,0.988310973979754,0.011557128965612451,-0.3452,0.8892,0.0573
0.3512964359110141,0.15040853821821262,1.617047775583754,0.3118675681620614,0.9197981059419071,0.06824256636166784,1.3133016520575995,0.875466676819268,0.10029740849788775,0.3899723413078389,0.8609918199341959,0.2712001700139516,0.8262449498359967,0.018327993341978877,0.40443350820895546,0.5794442602105224,0.7584030670939114,1.0376891278875209,-0.3586,0.7451,0.3998
0.09652240027385,0.6052041252765987,1.423954338032921,0.7295196723208962,1.2362091038926466,0.3440509346674423,1.3726342701763121,0.6900872769332612,0.24388259427477105,0.5701114444263722,0.8256069181562993,0.042684441815177984,0.8288565909037777,0.9792810181280701,0.38407369688519843,1.8300600214242437,0.7851532522796039,0.9248622200276204,-0.5878,0.6974,0.7853
0.1869689094129895,0.9885936483603673,0.8565238817326694,0.7413944889505486,1.975395971495326,0.296988096686177,1.2573923124200004,0.8524635143901023,0.10559372017965067,0.44702776233095903,0.7995589403483427,0.011085118553484678,0.849780872000662,0.6133762338145768,0.15975011524810706,1.9759413034255082,0.9591148607981745,0.398192370932215,-0.3407,0.7295,0.4485
0.3329465160330993,0.35015285316659384,1.364469227662173,0.28935911675540943,0.8813573520841014,0.293726296012112,0.01585243557410171,0.9704188038055146,0.044954278527266064,0.41178040326761767,0.8594448858835051,0.002975397793371179,0.8282563298378276,0.04768490491003796,0.38131723466476086,1.9226831275821143,0.7558008677500583,0.0527325615975332,-0.2413,0.8267,0.1155
0.09323533432084168,0.9912442710090889,1.9230560055744883,0.3387163523862616,1.9700514482993836,0.3584806637182221,0.9872271839726399,0.1612440538454957,0.026320383234216867,0.4084415115409383,0.786734083947133,0.007789545145310783,0.8349604773193192,0.05055074078464687,0.705472375226633,1.9673759673227413,0.988310973979754,0.011557128965612451,-0.3194,0.9134,0.0392
0.3473376114987381,0.5866711812202392,0.807435170363539,0.3140192491341963,1.8917200166987116,0.02684021538811157,0.8494978694544455,0.8685739755108878,0.08782715740732441,0.1644786468703776,0.8542408179708133,0.09840324610819143,0.8180810589158413,0.053901984959116904,0.5654465808760074,1.9364875183162653,0.783971864199678,0.29523836582076723,-0.3453,0.7379,0.4197
0.34595220456044706,0.5866711812202392,0.8050599506965357,0.3140192491341963,0.6434657207561457,0.3006078498297612,0.8494978694544455,0.8702994007721359,0.08728751352019098,0.1644786468703776,0.8541343533659942,0.09840324610819143,0.8180810589158413,0.04827913419066291,0.5654465808760074,1.9363707920302244,0.766020615168861,0.29556380846564234,-0.34,0.7398,0.4081
0.3253336295737857,0.050672154195757504,1.5279132803994293,0.7258007431123337,0.7121182981571328,0.2968382805343861,0.24541115342978048,0.6869975473793528,0.2411779159086072,0.5700416316584539,0.8223304688111321,0.04703092329375893,0.8329437847799962,1.6549205383979153,0.5805100063278357,1.8584298429900628,0.819995588799717,0.9878454148711984,-0.5527,0.6097,0.9017
0.18713976758723244,0.6341595397497238,0.8109654795880513,0.4162772123113888,1.3030997954749997,0.30476193538429736,1.2272988956895319,0.9908651703170264,0.006572477989547144,0.41121207935731463,0.19731887117607028,0.07729057971444338,0.8590117340651969,1.61091138836453,0.5743876677316081,1.9261310918089904,0.7845267981502945,0.9666405704009311,-0.2375,0.9236,0.0289
0.0593464819533338,0.42676997760170865,1.5543824841038998,0.4857211915997529,1.2330330744889235,0.29496269977738576,0.0136206623115738,0.9159061804181593,0.18629784203440788,0.19820796464610943,0.8267163388118315,0.08545427058530322,0.8196379426160888,0.037390338652310444,0.650765437118555,1.8523541709396114,0.8263329171181628,1.793415787014673,-0.4602,0.7697,0.4274
0.4291370678193596,0.6384827423424415,1.877727369368893,0.3398650053876781,0.24120290143087364,0.2915789536713946,1.225309246339427,0.9540954520413572,0.03695062520170478,0.6290365298616044,0.7800146574593027,0.009959466363571992,0.7452447823746152,0.47158175444379724,0.6438932679988117,1.0605969243733542,0.9668416253527341,0.04624156279712288,-0.3111,0.8487,0.1221
0.39746652560546397,0.9365064366399977,1.7784811741187905,0.3844400052465868,0.6850179167587404,0.29686519471762235,0.01303943826411513,0.9747868593642464,0.1613314701254383,0.5755410170399338,0.7976854192174055,0.07788872361912905,0.8152341941243456,1.7499043530798144,0.625812785558657,1.8621063465611387,0.8019145675795345,0.022156485953492316,-0.3236,0.7577,0.2729
0.08563270616724081,0.9819220825062598,1.8360690977326182,0.7172498952515205,0.6850179167587404,0.2967975004195484,0.010610572416757558,0.845038361233663,0.16693751087162653,0.3991227861729895,0.7973677975469766,0.014871420614808055,0.8202680192073123,0.7609357719877138,0.650468020798166,1.935602941520339,0.8257934155175388,0.42146874942194784,-0.5443,0.7695,0.518
0.16205856223074186,0.15880535449058175,1.2408125817690658,0.33649348021019937,0.9467090863609949,0.29482935320993386,0.014467785612910799,0.9415900712251452,0.18605094937124284,0.12662952731857086,0.8264091340903544,0.04119938215253437,0.8303953679523352,0.24339541305715362,0.5807576575407547,1.948364268023333,0.7867083560791895,0.5066446213924232,-0.36,0.7191,0.4759
0.33773183549089897,0.9189760391876003,1.2241004604368766,0.6105736302736724,0.9964070044905333,0.29742129711063947,0.980259480835434,0.9408202773553229,0.03435853019477672,0.40576924964250616,0.7992397138691101,0.007619432139269088,0.8836261945309579,0.7608480521066168,0.5604946594743221,0.39076204690724825,0.8245206558042345,0.06579494722781229,-0.3514,0.8317,0.2401
0.28480649427661503,0.1253346006164675,0.9066360359457826,0.48000792284685556,1.2343039402158227,0.29663461225822657,0.3098599697466353,0.6821227328906162,0.2411924920028589,0.5810110634598022,0.8060194861173353,0.04106704919911411,0.8402924622900498,1.2701026962739268,0.6806587588372481,1.8799320834893498,0.9403800665657424,0.9380535292901018,-0.4762,0.6288,0.8259
0.3948569906784241,0.6264802118504179,0.45151934415065254,0.37259316594295444,0.6640305507368945,0.2960297552517964,0.010418539620162315,0.9349877745892377,0.08321649574341027,0.5767211641233185,0.7984666610192567,0.008698862674205117,0.814969119095283,0.04877662589927221,0.16588147614426496,0.36612327482957485,0.446127337680526,1.781370860348639,-0.3461,0.7975,0.2315
0.02054295777132925,0.888579275499008,1.92479636529771,0.46200221215890647,0.6716319671075468,0.3206788796898618,1.2694888538201783,0.24581972350886871,0.018138875717855676,0.6395452581105429,0.7868338888820194,0.01263827073717142,0.8199744346017096,0.1027881997132391,0.7039495600470884,1.6374031362368,0.9862560655585075,0.011557128965612451,-0.3288,0.8755,0.0655
0.09968360034587363,0.7082441190623008,1.880305455767863,0.6953872299554795,1.8408732053425723,0.2911247161698979,1.2318908998072848,0.9505821004522215,0.021671725521490007,0.6197037000069474,0.7800146574593027,0.009959466363571992,0.8349983280894745,0.06380773379298194,0.699898368926344,1.960534308167664,0.991740645011469,0.046246351621273406,-0.3349,0.8583,0.0987
0.18818379740033458,0.6503542925844458,1.954545822837735,0.962287583716101,1.5418948534214165,0.3253118770948482,1.0958384007143458,0.16388962604644947,0.17827740060840794,0.06516099534436672,0.7873342758480131,0.0009304810903658688,0.5780835040736495,0.819220957515874,0.39716433387526684,1.9483413479959908,0.7560482619039397,0.9047080066584817,-0.2426,0.9898,0.0164
0.06467174033787032,0.49303316635054717,1.5542737179970079,0.6986137917981442,0.832206571287539,0.2948447183853696,0.016168145267129678,0.9411123913235033,0.16808712116052918,0.1671122133582348,0.7973776812475448,0.118903190265034,0.8294318172834685,0.037390338652310444,0.5857047324240966,1.826369761195993,0.7474064736907953,1.1623453371855017,-0.4535,0.758,0.422
0.3415007901166981,0.9923531091450076,1.7793898392684744,0.3993379257457691,0.8126635153208336,0.295953644472768,0.010418539620162315,0.869776782475827,0.17227398006577718,0.41165135215461407,0.8270284527329338,0.04654872474475352,0.8155448215730411,1.3704901465884227,0.6197969603752501,1.8589778336301157,0.9979244518227255,0.5650943583408873,-0.35,0.7067,0.4888
0.3388899666248107,0.4265713862816748,1.92056226067503,0.45901171617652564,1.1859987743943718,0.29482385540615086,0.013834544514059199,0.9188945696199007,0.18153586469522973,0.6060097939648915,0.8283626337454278,0.10960079750823713,0.8262057517254577,0.046968831463252515,0.37876877246215795,1.8827080997960712,0.7853669286165704,1.7463602523276127,-0.4622,0.7263,0.4872
0.3410597624941724,0.04783655981852006,1.9482836115603357,0.7284428288408242,0.7256896142643394,0.2923981465486163,0.01614028694306255,0.9848108673698223,0.24106566459538276,0.41927995467668666,0.8221073902628234,0.04375664719054741,0.8170521217844178,0.09688887114910161,0.9545842450937685,1.874206268723093,0.7812659215785525,0.9691840676119259,-0.4543,0.7162,0.4963
0.3415007901166981,0.9365064366399977,1.7777329281222294,0.382579883705992,0.6850179167587404,0.29733792573676154,0.010418539620162315,0.9747868593642464,0.17227398006577718,0.41250185079252166,0.7976854192174055,0.007576447123652218,0.8152342041146492,1.3737769217146543,0.10710578321179044,1.9674552600089525,0.9731303813149967,0.3908016508322815,-0.3473,0.7595,0.326
0.3104743870494078,0.9803484593216503,1.9296000510583053,0.6416510839121013,1.9014418869171021,0.2939654246713658,0.014440269595563784,0.859389824987114,0.1937608108415908,0.6097008099303608,0.8221236962559757,0.046692403971630166,0.822027467471819,0.1519707593375778,0.4907724367200333,1.8873424124698155,0.8186441351215286,0.5394613616611091,-0.4618,0.6896,0.5719
0.34148238218419613,0.41065506149347847,1.7697066617201198,0.3991126338178105,0.8126635153208336,0.295953644472768,0.010418539620162315,0.8679028656247273,0.17227398006577718,0.4198865363915445,0.8270284527329338,0.0466422775854135,0.8267460791745207,0.11029116059553223,0.6420827283871593,1.8589778336301157,0.9979244518227255,0.5711129100197874,-0.3538,0.7232,0.4543
0.05357746018082876,0.4458526689890772,1.7960301194224382,0.3077602427107555,1.7862684180208526,0.30128918513661446,0.04290481584092953,0.9241308510017374,0.40965689710508374,0.36302168040079325,0.7977938088347228,0.014843407273868327,0.8325672277415437,0.7242917517677815,0.5633112653949495,1.5392989618051711,0.7858287691562836,0.3569128535232461,-0.5535,0.7132,0.578
0.3389595329067576,0.4440179567429808,1.7724893533213162,0.45901171617652564,1.198695168057516,0.29481947992476554,0.01386032276164629,0.8759694589661192,0.18153586469522973,0.6071458051288532,0.8283626337454278,0.10960079750823713,0.8262057517254577,0.046968831463252515,0.37853150929630613,1.8580789129788202,0.7835768311948315,1.7463602523276127,-0.4622,0.7195,0.5085
0.05996080285686806,0.8898182870669812,1.3680283310613295,0.3140152446320239,1.818210347849222,0.563563003357012,8.719830967007791e-05,0.9715515061875869,0.02256568537523571,0.630915876411677,0.7977936719466859,0.014720130856417397,0.8284508002911122,1.3904575798096779,0.641127680707527,1.4732688255815616,0.8305067901889984,0.3503710623611339,-0.5485,0.876,0.4889
0.08562183696913828,0.8260581347622318,1.5703953780528397,0.4965465747196457,1.2855591078911983,0.29242778926817753,0.020790770943350426,0.9224143566102396,0.18317513902732785,0.1619435237998525,0.8056706909042748,0.11461073501042546,0.8264135871558108,0.0390930415747774,0.6448738827381533,1.8625933173661555,0.7859012861873814,0.45985626144877245,-0.4462,0.7291,0.4656
0.3107061267985345,0.0879638788240214,1.3111155959463496,0.3189747346464704,0.988313066648508,0.3342873776739985,1.8040985391732567,0.9392330157311245,0.03717732939902696,0.3972176942311141,0.7897204708285109,0.009952989285629573,0.8186678144318723,0.7666219511768071,0.5876295684754238,1.963624872815724,0.8252961399870901,0.0667191974841862,-0.3659,0.8241,0.2697
0.3385731194481092,0.10564209764581861,0.8762892128943733,0.36695091250579126,1.9033047030235464,0.2967344945696858,0.012488565949133145,0.9973906635113934,0.16381054951297697,0.6333040699502179,0.7961814585836282,0.007576447123652218,0.8112751375049525,0.04877170663626171,0.46711025399877454,1.6102326444685995,0.8198378407881503,0.9885707923941092,-0.3525,0.8098,0.2588
0.3875419401607033,0.08081199834638159,0.8537600039064508,0.6468813969859943,0.7294561377879171,0.29477859478216084,0.006736356661082632,0.9707002088820719,0.09331950965402483,0.9429248829673014,0.784483999485451,0.006592672929999274,0.8204103106340472,0.03838535622918074,0.6579989780429479,1.8856786076319332,0.8176167390289157,0.9288083581120751,-0.3471,0.8675,0.1828
0.08524534072534173,0.4404402890948865,1.9230560055744883,0.5974073110182013,1.2471907736365633,0.35827536571207463,0.9872271839726399,0.1612440538454957,0.2548831593370885,0.4084415115409383,0.786734083947133,0.007789545145310783,0.8266899297198482,0.050801987493781356,0.7040477128271055,1.8508321215882528,0.988310973979754,0.011557128965612451,-0.3229,0.8966,0.0465
0.014841482461397437,0.9385860627036462,1.9216569024531225,0.7378881265997125,1.3295740243455816,0.3010709057683524,0.9180121562957713,0.1478448426859011,0.08424537714005281,0.15880131121248256,0.7872678438543639,0.012606896077105339,0.8478891366708826,0.1265430536374743,0.6747170112840422,1.9617183374185463,0.988310973979754,0.011557128965612451,-0.3368,0.9152,0.0495
0.09048395211028275,0.8490878651855592,1.4564915542110763,0.38247122365522923,0.9976883841847585,0.31045136717977867,0.08461789405490105,0.6778743629882805,0.2877345789713446,0.44351569308586075,0.7973337566217173,0.04037856180259201,0.8316168929397784,1.6150590520500994,0.3536929315829582,1.8899814945719524,0.7537733157386447,0.9715798916684574,-0.5288,0.58,0.9976
0.3458191566661771,0.4689609402473963,1.200081410122344,0.3467926900761066,0.9599881060592568,0.2705314659781814,1.230469291258865,0.8857524094160072,0.09305588961535705,0.41024043587545495,0.7876746066398197,0.011763435344581671,0.8288028994606476,0.036314152378809736,0.6633536069619798,1.8242466820175243,0.752430406879034,0.39499409796091506,-0.3696,0.7576,0.349
0.3415007901166981,0.920580898525342,1.7777329281222294,0.7091328963230921,0.7031795785363882,0.2941026805719236,0.010398907175221026,0.9747868593642464,0.17227398006577718,0.40400190574716754,0.7976854192174055,0.007576447123652218,0.8299678948710373,0.11297060636812872,0.6281681668827301,1.8589778336301157,0.9731303813149967,0.41425062219222963,-0.3411,0.7633,0.2924
0.3253336295737857,0.08221312638142375,1.528016653673172,0.6589653078791413,0.7146157135420721,0.2534275468742271,1.3788909873295503,0.6758100272959245,0.24112943853357982,0.5690913491319802,0.814571726290153,0.04053341436662267,0.8329247765455221,1.5635000913902073,0.5869820893996577,1.8584350040923936,0.8250173286013621,0.969163796209915,-0.5412,0.6058,0.8872
0.28480649427661503,0.13172244663643523,0.9066360359457826,0.48000792284685556,1.2343039402158227,0.29663461225822657,0.3049096314885881,0.6821227328906162,0.2411924920028589,0.5852480260670662,0.8061051302954747,0.04106704919911411,0.8402924622900498,1.3699509675415444,0.6806587588372481,1.879302604856612,0.7857808141616672,0.9380535292901018,-0.5403,0.6162,0.8737
0.06229593999363847,0.42676997760170865,1.5271994773843844,0.6382909444188116,0.42783196478473784,0.2924216628669802,0.01615972423854104,0.9148144364505837,0.19472378220166656,0.17493870097903524,0.7887732852637619,0.09981068432190417,0.8260985620596614,0.037390338652310444,0.6541107161817881,1.8584930990685535,0.7878899912205124,0.9610855571936026,-0.4625,0.7556,0.4393
0.09823963741556035,0.9029560105472844,1.7913587404548053,0.48151265865955084,0.6978364645562012,0.2966966241052633,0.014485999808212118,0.850346269620456,0.18076397488528304,0.3582457667261957,0.8045269594166129,0.03375932111735847,0.8154688965840883,1.7580199047554204,0.400697566467724,1.1907239865813426,0.8256130660869078,0.46637406707620155,-0.542,0.6913,0.6361
0.3104743870494078,0.9812767668732449,1.9296000510583053,0.6416510839121013,0.8454754064737056,0.2939654246713658,0.014440269595563784,0.859389824987114,0.1937608108415908,0.45816235009515327,0.8221926937792194,0.046692403971630166,0.8230169218810712,0.1519707593375778,0.4907724367200333,0.5582204775378423,0.8145694870410606,0.5394613616611091,-0.4544,0.6995,0.5589
0.021948350042960793,0.4622166302905568,1.9202550427624345,0.4599927319086049,1.8845743357308387,0.2932288892776246,0.06693178057122406,0.8822241060888752,0.16993011598466762,0.43030688330674344,0.8571518060421338,0.11909560263014894,0.8262128251556503,1.6606157016894563,0.3778266774298641,0.26396905208698707,0.5249357535345209,1.1888001759393052,-0.6359,0.5618,1.0
0.39676860937411573,0.631394750512557,1.5477284980975812,0.39869210656147636,0.8271193484258423,0.295656816758164,0.012701309103988725,0.9787670428657024,0.03722226770686526,0.06295546817854353,0.7951251614805327,0.1584641260283246,0.8260931711992368,0.03748986737537065,0.625254035775842,1.9244628812814688,0.7687097462172001,0.03606165516203328,-0.2413,0.8356,0.1027
0.09913899637695156,0.030000622543879113,1.7958704089761068,0.3076665039959447,1.0230125512036223,0.3305927053014047,0.9893260098788663,0.8520531236736099,0.03258844306903726,0.3449396643441111,0.8001658832880382,0.011126443233968577,0.825407929070484,1.4956576875711838,0.7744032295730262,1.9843640922438037,0.824560091680624,0.44942785195296187,-0.4611,0.9045,0.3801
0.39825031330785726,0.4259473693879348,1.5547617180659148,0.3961853708889223,1.2538069326119163,0.29686039106903533,0.012708538955964917,0.932850508027856,0.16170668841461328,0.6060097939648915,0.8000580906655349,0.07863244631042213,0.8261990918326426,0.03758431531765707,0.6258458696001402,1.8604819096557128,0.7879636152161813,1.6204139862152698,-0.3579,0.7398,0.4317
0.3459240261249363,0.6325789700403556,0.5893654369953228,0.3711413977262579,0.8363811807311553,0.29285422066592226,0.007326416501688375,0.9659553580298922,0.03115672735612336,0.03821077397325472,0.744623310959968,0.11803414951542777,0.834540581561126,0.17761963272226466,0.8854587898918687,1.9504854211629963,0.7606616824778464,0.02742827757548281,-0.2362,0.8276,0.0984
0.05300935702272111,0.5437073105815117,1.3537861191397398,0.7604475071999048,1.9572720851985768,0.2948290131197417,0.010524871639759018,0.8979268344377742,0.18948109424059653,0.16643530691092953,0.7879951458303097,0.011809536065772397,0.8121680080437698,0.041553840599668504,0.650587020193601,1.8610649471437928,0.7817416817447576,1.2035204576400966,-0.4479,0.8026,0.3423
0.3385731194481092,0.043811217193447806,1.2037723784681411,0.2867574230041933,1.8090745859588035,0.2967344945696858,0.01617157985858204,0.9804022684751397,0.17185572919323527,0.6527804429178276,0.7992409437016718,0.007576447123652218,0.8267199295948574,0.047648010080041256,0.3798854045494434,1.8466587566836519,0.8255894346683923,0.945366552229042,-0.3617,0.7888,0.2748
0.13202126187552263,0.9244371786595658,1.4564915542110763,0.7259329244611759,0.9879643363290064,0.31045136717977867,0.06675031610128312,0.6859591790133862,0.2879043715483046,0.5898494351257345,0.8253391560856169,0.041502010607841235,0.8466590735471431,1.6150590520500994,0.3575131638314236,1.8912397139509127,0.7537733157386447,1.1511359531916512,-0.6213,0.6593,0.8597
0.3410597624941724,0.8725247208197892,1.9482836115603357,0.7288204059826361,0.7256896142643394,0.2923981465486163,0.01614028694306255,0.9848108673698223,0.24106566459538276,0.41927995467668666,0.8221073902628234,0.04375664719054741,0.8170521217844178,0.09688887114910161,0.6740736369436409,1.874751911912474,0.7813224674915127,0.9691840676119259,-0.4636,0.7099,0.5143
0.3415007901166981,0.4568151278164031,0.8563482921642525,0.38186190675070375,1.0951655162733331,0.29692455047707644,0.008523312119623138,0.923389055194834,0.08842337647396319,0.4123789420250956,0.8003434108212635,0.012163672826257486,0.8155237855744437,0.7197609256298965,0.15419946952099148,0.5320446123484208,0.9795230577189988,0.0953958404756074,-0.3301,0.7778,0.2195
0.08434830006662308,0.4179524681437362,1.1076046497358438,0.6217558567047279,1.2726822677202732,0.29527358310097185,0.014310271237025052,0.8595464057155657,0.24499925438912562,0.17440052252508725,0.8292305217205453,0.0462599489164899,0.8221077291098778,0.14004430474823715,0.4873659130605399,1.8880901537767467,0.7857892822130925,1.1931487064161965,-0.4725,0.6886,0.5902
0.08774936680512253,0.4279563927138954,1.5649038323488293,0.621952959290538,1.8555334602132436,0.29483021293404155,0.015849355153851344,0.9256931265378692,0.23937615659294725,0.17474240164019006,0.8279538204404778,0.11263707624415319,0.8263941286640871,0.050981186507572746,0.07570498973962501,1.7587082857701826,0.7538716438214992,1.867516544643065,-0.4707,0.7096,0.5412
0.35363065296635743,0.4539736490173055,0.825503513008872,0.4044835806194088,1.9207045891817784,0.29040667804425235,0.01545596175942395,0.824981396259271,0.1960041365304781,0.6474036189060516,0.8079100484619895,0.040253145437967014,0.8328039036091681,1.810570462089597,0.6655778042034106,1.939437424235367,0.7494732577333679,0.48435455214717216,-0.5364,0.6683,0.6591
0.42717845809806176,0.7561691184702107,1.2902280128362416,0.41354339936829515,1.8740011905478113,0.2941486994994563,1.932395201901129,0.9844103899761828,0.0106798337301824,0.3575460597857137,0.8158601685584617,0.008964467580236918,0.9688731816165419,0.02725771173270497,0.3889699956414141,1.9486811255311414,0.8259399974853869,0.03225533704595974,-0.2426,0.8748,0.0468
0.3332853568783207,0.1316681579065559,1.5813395977641813,0.7279045853461026,1.9059325182098124,0.28765378723816304,0.01256777154892164,0.9973940415797269,0.08220489275500144,0.07808046885391244,0.7862251822703317,0.03522922401168429,0.837513602507432,0.6909804232416352,0.5107579472830474,1.9444938853939306,0.8253134647014777,0.000382166648479787,-0.2362,0.8085,0.1492
0.31600042257932875,0.9370303223771931,1.942859911154638,0.6984912561468933,0.9426686791394149,0.27203233998985604,0.6034463222634923,0.9361556391724494,0.037021920741781233,0.4054752560330731,0.7868138191550371,0.012430913911398573,0.8870143171208783,0.7195191647227268,0.05603546916922131,1.8625875129033769,0.826345487840641,0.08269501793831366,-0.4435,0.8173,0.2896
0.06597896567712781,0.919904772961979,1.8793982130467672,0.7571251274602528,1.8551339667286182,0.29483021293404155,0.015849355153851344,0.9256931265378692,0.23937615659294725,0.17474240164019006,0.8279538204404778,0.11263707624415319,0.8287932144554992,0.050981186507572746,0.07570498973962501,1.7587082857701826,0.7577670690321286,1.867516544643065,-0.4707,0.729,0.5191
0.3326879337643248,0.046610646373547476,1.3803958971227908,0.3985669124300639,0.8792308459994567,0.2957369581312416,0.01786556297301084,0.9566827034031028,0.044517072475744254,0.41201025356263427,0.8234258724296208,0.0017755992954306063,0.8282563298378276,0.04768490491003796,0.38124098176658555,1.8894100479492062,0.8329496412136583,0.5898423003057642,-0.2413,0.8192,0.1298
0.49480157000649416,0.32789553040515873,1.3888725530049293,0.3246347839744022,1.9538536476521207,0.2923361920803122,0.015924982278981675,0.9912491469451726,0.03097322295740572,0.017833501608348235,0.7885698448126255,0.04448681331154744,0.8162091249007545,0.7870176415797945,0.4732859296541576,1.8755146313585243,0.778445830899483,0.010989689927136136,-0.2426,0.8551,0.0795
0.3434702178963417,0.9554528003574432,1.94438034106258,0.6191186969142615,0.7295771685733808,0.293188698767141,0.017709859924032408,0.9794130543774234,0.16549801597191316,0.3176935701354856,0.8045381408121697,0.04219649329848733,0.8246682297481656,0.051513286563935376,0.45079608572760843,1.8930594561596974,0.8970795835792331,0.9691840676119259,-0.4455,0.7459,0.4205
0.3385731194481092,0.9446134913322198,1.2037723784681411,0.30388076664418906,1.001699743353917,0.2967344945696858,0.01617157985858204,0.9804022684751397,0.17185572919323527,0.5895957437417196,0.7992409437016718,0.007576447123652218,0.8267199295948574,0.047648010080041256,0.3798854045494434,1.8519530976803629,0.8250214203691487,0.945366552229042,-0.3565,0.7773,0.2894
0.0948318502813123,0.9803750640051113,1.371334619159378,0.623531016248508,0.7297312716933698,0.29510775166796066,0.014506182423583612,0.8420360759497686,0.6668399060961359,0.3443529994608388,0.8090498207728671,0.043466207908403554,0.8166269813267288,0.6280425828681132,0.7477400433409327,1.960537532719308,0.7804257432060063,0.48138484405152515,-0.5616,0.6592,0.6929
0.3528765603841393,0.9554528003574432,1.94438034106258,0.6193052046073486,0.7107905799473624,0.2932392201165953,0.017662547188526296,0.9789969646825445,0.16549801597191316,0.6226758369535427,0.8217921768702393,0.04776806454459635,0.824739466079701,0.051513286563935376,0.5686438070973062,1.9514925287209126,0.763025826142849,0.9691840676119259,-0.4473,0.7577,0.405
0.09108144731577304,0.5833248914949188,1.937316352484042,0.6375186931213325,0.756853731641451,0.2961008193015376,0.24430352525128818,0.6821384908201812,0.3421384309260438,0.5515534499044465,0.8217821929401665,0.046798218510354914,0.818663297193197,1.6418880054402814,0.578847915240474,1.8672621519716857,0.7536078561708913,0.8960727691784952,-0.6014,0.6279,0.9397
0.2995936856201805,0.4179524681437362,1.9100247349826707,0.6416510839121013,1.8834581389324303,0.29528275418829436,0.014440269595563784,0.8595464057155657,0.2331619980792305,0.6097008099303608,0.822751591165217,0.046692403971630166,0.82209628623053,0.14004430474823715,0.4907724367200333,1.8873424124698155,0.8534476167646813,1.1902432482936574,-0.471,0.675,0.6296
0.0971210150383037,0.9223160417122367,1.514265362382486,0.9762807734048556,1.0190458210246764,0.2875393607465634,0.8736912663518277,0.9976697617242375,0.0014968603602339599,0.5852278847061234,0.8158018858165649,0.04069516680726047,0.4566507018288419,1.6311154329679738,0.37172123986450434,1.9449777803242407,0.7723391283010532,0.017842189752141246,-0.2375,0.975,0.0099
0.012263088753049989,0.4294365644001544,1.600457164220605,0.41701034622757166,0.7294561377879171,0.29477859478216084,0.006736356661082632,0.7655303965809799,0.09302948584562365,0.39017108743106926,0.784483999485451,0.006532465227760357,0.8204232458200583,0.03768896384203392,0.6230321552173469,1.8831351004542956,0.8178465473959728,0.9288083581120751,-0.3522,0.908,0.0847
0.3386951153406486,0.39877712178113,1.3521172648238757,0.3739043416647134,0.8257688431898973,0.29706598970737574,0.010408456676098892,0.9840525195555345,0.03547436387632437,0.6365017296017539,0.7824557849359595,0.006059969448648205,0.8314651213258616,1.3062497176559293,0.47139724872265476,1.935602941520339,0.9642823941280106,0.02823836050788564,-0.2966,0.8455,0.0909
0.3307880345593531,0.4134565038397777,0.8452018218565819,0.6950695783538359,1.1053461032560048,0.2968127155908323,0.012702194172769701,0.9329605969521825,0.18133853784984552,0.6075871516863581,0.8000580906655349,0.10525147133587179,0.8262057517254577,0.03758431531765707,0.4134931361166723,1.8836027093195953,0.7944017079565944,1.7434631193697663,-0.4529,0.7398,0.4439
0.17253385095464194,0.9161023886747496,1.422005050841074,0.3218572905120361,0.8392963554916002,0.29397284264235574,0.014509307431737999,0.8441337331714891,0.28666041635455025,0.4848091186554343,0.8222212354799584,0.0467784231549276,0.8306941179868748,1.6682786611561566,0.6089551309857913,1.8811002367363128,0.7727773344650284,0.484083624997022,-0.5579,0.6898,0.649
0.305967429109669,0.4259473693879348,0.8481030539910298,0.6652385166143594,1.0106569900244653,0.2954001106442382,0.012708538955964917,0.9329605969521825,0.18150430178561225,0.6059097711591056,0.8000006015181951,0.11128137773970495,0.8262057517254577,0.03754997611491337,0.39162294739119596,1.8453817203870893,0.9939556926640796,1.7942013083477835,-0.4529,0.746,0.4349
0.09590041211387164,0.9118707167258555,1.527484235853822,0.6595247432912344,1.2349022811463208,0.255955084190094,0.8317959366354375,0.7305353007364744,0.24121842642259428,0.6398863357831829,0.8272160259036911,0.04339841946067726,0.8328530148033135,1.6237316644922608,0.3826359714417624,1.8278898875061056,0.7697503999009169,0.9248622200276204,-0.6038,0.6977,0.7933
0.3302279785658738,0.05911253207447564,1.1847748494128676,0.6623801443817713,0.8726484565982836,0.29935370166605524,1.349491060751077,0.6823811891457595,0.24245207890181006,0.584882629090906,0.8140346681680409,0.040518295110993335,0.8525713542458389,1.531741661972525,0.6576535298885098,1.8602040847900085,0.8250173286013621,0.969163796209915,-0.5349,0.6164,0.8622
0.09652225349698863,0.8299437560947408,1.6235763502523266,0.2784298315681787,1.2506118777053319,0.42809462743534116,1.1792622275733786,0.7129211388395806,0.23339732468760988,0.5651306260918778,0.8280033345281143,0.04268165240289726,0.8258857738778643,1.3279313813687492,0.39254111726363894,1.8963365246901178,0.7851649925308322,0.9250039391617417,-0.5962,0.719,0.75
0.06014160105115274,0.1265029933132471,1.939100768741597,0.3602361298920348,0.11066112072540102,0.5634782761799246,0.832789343029245,0.9988371039358808,0.07309203632658742,0.4399818729404845,0.5992781126691712,1.1168731631103852,0.4339097493629531,0.7273012218207912,0.6342973496110393,1.46846646229146,0.8910935125483407,0.06254811134826815,-0.2543,0.7641,0.258
0.4608620848648395,0.7481590450620649,1.8485720429498864,0.7215334943823482,0.09906416590805478,0.29280395042478635,1.2467503444197676,0.808251068204629,0.3944840415370545,0.007810112640651901,0.8597867974416181,0.0791479243415494,0.7841479272119378,1.6507250096795199,0.41227454979752054,1.897732024726068,0.7579987292889835,0.9644946902302282,-0.3224,0.5969,0.9258
0.11256763579832299,0.6158815799351985,0.5961586389537481,0.6634439399147974,0.8784109436035789,0.29238280639503045,0.013555784845640234,0.965033402370031,0.17307284544436338,0.17006682887907765,0.8527078528016248,0.1147828306022515,0.7722514018329409,0.7442296582779896,0.15117536768111758,1.8535121312795724,0.7847465137646791,0.04676749542807934,-0.3214,0.7464,0.3151
0.08423579798533792,0.9191560366573562,1.1010621560373317,0.7646623671391443,0.9889458455195559,0.31077571605022297,0.06695181455826257,0.6791470194765066,0.2888593586040967,0.571938920149115,0.825401030850743,0.041502010607841235,0.8465651063307013,1.7254120031172944,0.35486890012462124,0.11038934634512221,0.7537733157386447,0.658417960089946,-0.6354,0.7285,0.7494
0.06185930367703177,0.3391045943792222,1.8960375341767843,0.3905105095195306,0.6722219819083701,0.2924959609560806,0.01585243557410171,0.9332058522709221,0.1556041611895707,0.06487611696822299,0.7816844072783591,0.08383276534217687,0.7801458811264904,0.3499859761749142,0.9022286406024892,1.9584485658651145,0.7534901265186905,0.04973542346566612,-0.3304,0.7458,0.3524
0.02328657758353085,0.6348994848410033,0.428928572623802,0.7653218440576708,1.8662510476132954,0.2948320174641911,0.013799522844717938,0.887346427162957,1.870272364108448,0.36761701138867464,0.8279233612703858,0.0804063697977565,0.8291065427877503,1.6669558879801984,0.35512590684996326,0.10971903002994365,0.7944026469602042,1.745837244740934,-0.6577,0.6078,1.0
0.3414264314095081,0.5680850612856646,1.8079898679813282,0.41890968067111745,1.9391474014212151,0.2936311716560314,0.01040888580386388,0.8736925978395897,0.17227398006577718,0.3933771441695464,0.8270284527329338,0.04430284754342968,0.7725102758429229,1.3609040431262545,0.6370447604686301,1.85860444284243,0.7832185358398551,0.5378472186749982,-0.4476,0.6985,0.5347
0.09534080381713549,0.7572205020404552,1.3575060482601646,0.6425801930930174,1.1159109472265067,0.3510006824787399,1.3570533374741445,0.6764303278949667,0.28836150110529263,0.6549551110499116,0.8136153909329219,0.04261403946082516,0.8248536907825051,1.3877828819944267,0.3790167429142311,1.881106476547086,0.78490784559308,0.8904955013204434,-0.5877,0.6398,0.9162
0.03074429776784454,0.9244371786595658,0.673413294928454,0.3771970170496956,1.9481814581034025,0.31045136717977867,0.06675031610128312,0.6822991851557245,0.2874721480769891,0.39115601804984684,0.825359880100501,0.04188501816411927,0.845847601480851,1.6313097029518293,0.5556575215488805,1.8900272990894988,0.7851670073446589,1.0463395428721127,-0.6222,0.7596,0.734
0.318973175751404,0.1253346006164675,0.9066360359457826,0.48000792284685556,1.8440284389297512,0.35956567883481405,0.3098599697466353,0.6689206750071852,0.25421360808981924,0.5700317581290797,0.8064725294300514,0.041390520496614604,0.8402924622900498,1.6107096162056667,0.649983938111263,1.880497436735532,0.7912115429502234,1.566337962861942,-0.5323,0.5967,0.9435
0.4992880060425244,0.9605527264927853,1.3280435321722857,0.9168897326006218,1.729367909698665,0.2967345234256541,0.016007917479865137,0.9986745712984246,0.17176384558031504,0.6355123567528154,0.7820510653200529,0.00629813172318908,0.5849952145302648,0.7324869771899845,0.5607552723784786,1.9787251631451472,0.7467692551855539,1.0020904471523913,-0.4295,0.7583,0.3857
0.3253336295737857,0.08221312638142375,1.528016653673172,0.5854026681243913,0.7146157135420721,0.2534275468742271,1.3788909873295503,0.6758100272959245,0.24112943853357982,0.5690913491319802,0.814571726290153,0.04053341436662267,0.8329247765455221,0.6172085409380356,0.5869820893996577,1.8584350040923936,0.8250173286013621,0.969163796209915,-0.5263,0.6082,0.8768
0.35074103580896154,0.5746979417867669,1.3453974046472685,0.10902181340125898,1.986100685062322,0.2984013556536771,0.010435248451939699,0.9801710137481766,0.17801952146257002,0.6531384335116478,0.7882069492177268,0.011231364385186685,0.8116653944157436,0.04877557412238069,0.1675675914287393,1.8759334567990538,0.5570556781154721,0.981873090722044,-0.4393,0.7686,0.3494
0.08423579798533792,0.9191560366573562,1.1010621560373317,0.6032975582879264,0.9889458455195559,0.31077571605022297,0.06695181455826257,0.6791470194765066,0.2888593586040967,0.571938920149115,0.825401030850743,0.041502010607841235,0.8465651063307013,1.7254120031172944,0.35486890012462124,0.11038934634512221,0.7537733157386447,1.1511359531916512,-0.6323,0.7172,0.7834
0.0948318502813123,0.7768293330474466,1.1945484240747757,0.621509178824018,0.7297312716933698,0.29236434992636867,0.014506182423583612,0.8503544424134339,0.6981221737849024,0.33588881007414534,0.8045269594166129,0.043743355817479936,0.8154908005667556,0.6644232586464591,0.6576616964718144,1.875838344604242,0.9965310470590071,1.0965529939220375,-0.55,0.6379,0.7899
0.05872617924261703,0.4458526689890772,1.8174755553800908,0.6406971357196063,1.0963092206798648,0.29526633627441207,0.04290481584092953,0.9236650563828125,0.4090092214082508,0.3726142892550245,0.7978156975268745,0.014522372743379355,0.8325672277415437,1.1181326142779715,0.5631079674347484,1.8249088380386511,0.7851521185811389,0.38622338535201006,-0.5524,0.7041,0.5847
0.08563270616724081,0.9819220825062598,1.8360690977326182,0.7172498952515205,0.6850179167587404,0.2967975004195484,0.010610572416757558,0.845038361233663,1.2467341937295962,0.3991227861729895,0.7973677975469766,0.014871420614808055,0.8202680192073123,0.7609357719877138,0.650468020798166,1.575938526131556,0.8257934155175388,0.42146874942194784,-0.5287,0.7436,0.5179
0.09652240027385,0.5870469834869515,1.9619603384406197,0.7184282108139683,1.7225973711909037,0.2895352831094002,0.07047185237017595,0.6878510721952886,0.325148484602234,0.5765194366911881,0.8259259183784631,0.042687326669651963,0.8284819741422761,1.3441161066106935,0.3789761941966434,1.9642728049934057,0.7746105749148152,0.9248622200276204,-0.6213,0.6799,0.8191
0.32464702004958457,0.15950059854302887,1.6084542075657533,0.3738092058918787,0.7020568468907268,0.2928874373809249,0.013528760586178233,0.9756985230283187,0.08739305834940068,0.07345274215534461,0.24232063083497796,0.08064027609771446,0.573670607673182,1.722704738507316,0.6406003802542358,1.179895363632205,0.7927348672318701,1.7306702099902374,-0.25,0.7888,0.1853
0.3459240261249363,0.3558795160065143,0.5893654369953228,0.3711413977262579,0.8363811807311553,0.29285422066592226,0.0076077363402304275,0.9659553580298922,0.04470494227226152,0.03821077397325472,0.744623310959968,0.11803414951542777,0.834540581561126,0.04706576235510673,0.8854587898918687,1.9239222631057604,0.7606616824778464,0.02742827757548281,-0.2362,0.8189,0.1195
0.056988494362177886,0.41291932287937905,1.5308188880896152,0.7584712867002539,1.9572720851985768,0.2948290131197417,0.013681806885707718,0.8984107227261414,0.23217265799416725,0.16402654675972786,0.7879951458303097,0.11431434720401247,0.8248471278844022,0.041553840599668504,0.6569445356833588,1.8610649471437928,0.7817416817447576,0.49217306266582345,-0.4704,0.7398,0.4777
0.49480157000649416,0.10984975900735267,1.9046471671807608,0.3676268438936528,1.3294597545120126,0.29124096568550445,0.00477078647181195,0.9912745703457096,0.03097322295740572,0.027705271737887838,0.8068683047755625,0.03967055233499828,0.8335267923573638,0.7467221770117409,0.4621263165944647,1.6078413673182044,0.8145236172915128,0.010989689927136136,-0.2375,0.8474,0.0699
0.17772394883768142,0.622920664483147,0.5594809161118312,0.39869210656147636,0.6864914946648634,0.29272635214244697,0.007463301729924843,0.9795578524555512,0.03115672735612336,0.04856810844704052,0.23454088570925732,0.03935786790275058,0.8262846854506404,0.08245243107536572,0.6552846625585697,1.965265882060511,0.6988906931538637,0.04930732133021137,-0.2375,0.8376,0.0837
0.35074103580896154,0.5754402269959191,0.7805156628762746,0.7050387396112059,1.9549062784083906,0.2984555134301716,0.013543249152166014,0.9678255854274376,0.14822426869475544,0.5992418958126793,0.7883788821408237,0.0112595182618348,0.8117686604281269,0.04258476474135309,0.1677534057572482,1.9429908443534074,0.7804777926948018,1.0277955889293604,-0.4506,0.7665,0.3527
0.32787411485236423,0.05911253207447564,1.1847748494128676,0.6623801443817713,0.8726484565982836,0.2918654517584399,1.349491060751077,0.6823811891457595,0.23885008466240112,0.5671233526514075,0.8144685837616337,0.040518295110993335,0.802637851138749,1.3771174659505119,0.6576535298885098,1.8584323702875838,0.8250173286013621,0.969163796209915,-0.5263,0.6198,0.8563
0.39830944970771964,0.9365064366399977,1.7784811741187905,0.3844400052465868,0.6850179167587404,0.29686519471762235,0.006412682778275001,0.9407937686155258,0.052447532441370515,0.4249219440012333,0.7976844433706493,0.00796272089062728,0.9616784457959417,1.7373367365879404,0.625812785558657,1.8423856047268936,0.9909847077351064,0.06691179217560674,-0.3197,0.8093,0.151
0.06535098428815837,0.8739511242885565,1.3474425999101631,0.3004813747008577,0.7669286699525575,0.3014803113760878,0.015511913805223574,0.9730020553755123,0.02256568537523571,0.634395641246655,0.7977936719466859,0.014479633636655023,0.8284508002911122,1.345515101670863,0.6428749973259424,1.8409872375669807,0.8257918830373436,0.355356613335799,-0.5407,0.8579,0.499
0.05357746018082876,0.4458526689890772,1.8002048600308997,0.6358411466529049,1.0963092206798648,0.29526633627441207,0.04290481584092953,0.9241308510017374,0.04669580044614136,0.3613202222372207,0.7978156975268745,0.014851010042671487,0.8325672277415437,0.7242917517677815,0.5633112653949495,1.7229873590152116,0.7858515653926694,0.38622338535201006,-0.5537,0.8187,0.5429
0.08804112414919374,0.6431673659561153,1.933291631000283,0.4661970328271827,1.0746538560008618,0.2972094243626625,0.28459760845003035,0.7324742091608067,0.24054139859979015,0.5853732609546696,0.8313138959234172,0.046806786217382136,0.8188279544923674,1.8242667336513545,0.587534629213556,1.969090759708368,0.7868264210511804,1.0047063847707771,-0.6224,0.7055,0.7888
0.09528941762325203,0.920165013744964,1.4150504262750154,0.6185843071874413,1.0655753091959355,0.34618207478763297,1.2675281886978946,0.6901165546936443,0.23042543626361284,0.6607892546954727,0.8280998737589405,0.04235926316605324,0.8265864331037793,1.6345467125802038,0.4468226180765618,1.9675052486585818,0.7851772612481689,0.9628819144456712,-0.5975,0.7373,0.7328
0.08703966885262278,0.8454238677079263,1.4551742905966898,0.35330192193213816,1.8696295726645042,0.2940854206161514,0.10104087850614007,0.9142034691636431,0.037535624364850265,0.15463557021128244,0.7981248234538114,0.007792019050255902,0.829673370916689,1.614499756481882,0.8848936347954193,1.8893944478663167,0.9910423071832763,0.046316604699231365,-0.3288,0.7994,0.1702
0.3207682437614173,0.9620595756886527,1.9296000510583053,0.38495525213567044,0.8494181218597558,0.29388147023559735,0.014416142966690982,0.8550584059728904,0.19067008459448412,0.45816235009515327,0.8222078024648909,0.046692403971630166,0.8230169218810712,1.7073231756458014,0.605202707333489,1.880569571306094,0.8145694870410606,0.5363498645979776,-0.4545,0.6755,0.6
0.02328657758353085,0.6348994848410033,1.870382876587684,0.7653218440576708,1.722963358351609,0.2948320174641911,0.013799522844717938,0.887346427162957,0.3281391920722443,0.36761701138867464,0.8244005906768075,0.0804063697977565,0.8283983320184901,1.6669558879801984,0.35503123147442334,0.10971903002994365,0.7741383685744618,1.745837244740934,-0.6486,0.5866,1.0
0.09789290055249432,0.9326754424803683,1.3592250372062598,0.623531016248508,0.7297312716933698,0.2951838944557468,0.012499769095776828,0.6325601550360583,0.6763212662050073,0.3443529994608388,0.8091338223219179,0.04153102873786574,0.8166269813267288,0.7092234594917601,0.3658113274047455,1.9378162285830351,0.8280647014859456,0.48138484405152515,-0.5592,0.6794,0.6534
0.08791979193428426,0.8218444152664284,1.7793828468417086,0.4763712696105471,1.8466747759372266,0.2965844437591709,1.477292709907686,0.7043834615261633,0.28681641225427584,0.5694307158991853,0.8283038706214406,0.04264242531333638,0.8289818257134762,1.7934591466219445,0.3841140401873707,1.8257682654401308,0.7851636858992322,0.8970741377633176,-0.6106,0.6865,0.8051
0.08434830006662308,0.415338139488674,1.1076046497358438,0.6240864388050693,1.2726822677202732,0.29461051503044694,0.014332344143451841,0.8595464057155657,0.24499925438912562,0.17440052252508725,0.8292305217205453,0.045709800401084265,0.8247080612624285,0.14004430474823715,0.37666151928266917,1.8880901537767467,0.7857892822130925,1.1931487064161965,-0.4732,0.6931,0.5824
0.09968360034587363,0.4282668235300314,1.4588927981235524,0.3963165472475618,0.9850976498138687,0.2911247161698979,0.10249203380114627,0.9621388844226957,0.014043552880351001,0.5887027198625152,0.7800146574593027,0.014041046635077506,0.8349983280894745,0.06380773379298194,0.7090103962581292,1.8601519103069342,0.991740645011469,0.046246351621273406,-0.3288,0.8691,0.086
0.3415007901166981,0.9317608256930269,1.3410375679548374,0.3823349375249641,1.129494641556619,0.2969083003006835,1.3381144537130722,0.9141963748511013,0.03543303422952141,0.4684274809756199,0.797273554078022,0.007793267796142548,0.7330883100473062,0.18230282507352852,0.4220106058546123,0.3720450976455766,0.9897677010399696,0.05798052039034385,-0.3302,0.8007,0.1686
0.10564830229977387,0.34144765562443036,1.8421996757887182,0.26728885861365176,1.0020460856785587,0.2967362765518782,0.016130888038220177,0.9223010263664799,0.4410314309461356,0.35209932367101227,0.7977942797989823,0.014313561367813721,0.8191713959155326,0.7555923845711342,0.5624273074208289,1.564502947096276,0.7856735326310632,0.3861217656341981,-0.5353,0.7211,0.5298
0.39932039024727034,0.4499233862035729,1.7785938188311352,0.3844400052465868,1.7075183325930103,0.2969182449159407,0.01422428190945376,0.9407937686155258,0.052447532441370515,0.35678176135057793,0.828345280415293,0.00796272089062728,0.8052661479900156,1.7373367365879404,0.625812785558657,1.8423856047268936,0.9951034705065587,0.06691179217560674,-0.2413,0.7994,0.1635
0.33415495065011974,0.4080334757445326,1.3996855285570742,0.32961598571889034,1.409448625802966,0.30214641662300495,0.07906258721100973,0.33808919799144144,0.017627173902266313,0.5423841654338887,0.7869454501438159,0.012636388412227133,0.8477144418073927,0.0570665160409219,0.6423261578080002,1.864143494245949,0.988310973979754,0.011557128965612451,-0.3239,0.9369,0.0363
0.09854251798369412,0.5856607888685084,1.9619603384406197,0.4147104945721013,1.3005512381962758,0.2895352831094002,0.07047185237017595,0.6878510721952886,0.325148484602234,0.5765194366911881,0.8007244189009635,0.042687326669651963,0.8284819741422761,1.3441161066106935,0.5635133935291694,1.9265188106563442,0.7844665814998248,0.9261994028467295,-0.5288,0.5889,0.9875
0.08563270616724081,0.9803219919463988,1.8360690977326182,0.6403507216820487,0.6705654703834906,0.29661068104452337,0.010610572416757558,0.845038361233663,0.19347945334242014,0.3991227861729895,0.7968002981106717,0.014871420614808055,0.8202680192073123,0.7609357719877138,0.49126918482058507,1.9344330572674315,0.8262563367937721,0.41223677072957493,-0.5433,0.7546,0.5216
0.05300935702272111,0.5437073105815117,1.3537861191397398,0.7604475071999048,1.9572720851985768,0.2948290131197417,0.01042567225070734,0.8979268344377742,0.16831424033259182,0.415975341053736,0.7879951458303097,0.011809536065772397,0.8121680080437698,0.04146993736809722,0.650257101911208,1.9713178150849682,0.7817416817447576,1.2035204576400966,-0.456,0.8904,0.3341
0.3357678305551349,0.5894656419646893,0.8050599506965357,0.3140192491341963,0.6434657207561457,0.3101549665628636,0.8494978694544455,0.8730340144231739,0.0878617913143269,0.16622170643730547,0.8541343533659942,0.09840324610819143,0.8171811572504857,0.031562403968674047,0.5654465808760074,1.9363707920302244,0.7610151922203175,0.29556380846564234,-0.3435,0.747,0.3754
0.16107316623033713,0.15880535449058175,1.2408125817690658,0.3384630376920129,1.9971935877792302,0.29499528447494416,0.014467785612910799,0.9415900712251452,0.17973819687333176,0.12662952731857086,0.825800313115965,0.04119938215253437,0.8303953679523352,0.2346111735893881,0.5801108817093631,1.8301102361950015,0.7867083560791895,0.5066446213924232,-0.4379,0.7197,0.4812
0.06667539177131537,0.9155163083528631,1.9138774272205756,0.7626976958603013,1.2467275028884948,0.2976228497318389,0.048173161137309295,0.910808444661262,1.8760117083559251,0.3378157351100083,0.8311179176131274,0.044202010693412376,0.832638445539637,1.614598509311814,0.6550285672548247,1.6260983291003812,0.8013920632335698,1.6090856182784703,-0.6391,0.6377,0.9841
0.9677111361845611,0.7573165090842345,1.4051702019223975,0.7296447418028799,0.140746817725258,0.33666214557725666,0.8029888856187116,0.6790440692067443,1.7895488187590562,0.03769890297438589,0.3897189888856807,0.0045916797000070154,0.20934387394332216,1.3564626193482783,0.4066047782249403,1.8683252929482868,0.7875337901621378,0.11959824763621629,-0.4222,0.4962,1.0
0.10564830229977387,0.34144765562443036,1.8297537410283005,0.26728885861365176,1.0639858083996425,0.2905607706936245,0.016130888038220177,0.8248241552632608,0.4410314309461356,0.35209932367101227,0.80823087033826,0.035859158524926764,0.8191713959155326,0.7555923845711342,0.5624273074208289,1.9173811042953417,0.7831642340812505,0.3861217656341981,-0.5393,0.6979,0.606
0.06667539177131537,0.9089404403558099,1.917211325026919,0.6195220928411109,0.726454973909412,0.2976228497318389,0.047448069116703406,0.8581367998457988,0.7354336929455837,0.3428900498560642,0.8296647959387302,0.04425046164648181,0.8288782341704607,1.649658507695497,0.6440188429370631,1.9106928757077726,0.7860761167038377,1.6090856182784703,-0.6357,0.6443,0.936
0.3944560199002236,0.08905499391027724,0.8610799609867779,0.6517945630774907,0.7778853174103633,0.29482089751878715,0.008635998772843838,0.9752398041755338,0.08326421350814048,0.9429248829673014,0.7847846005236929,0.006592672929999274,0.8203571161403213,0.038322716138488866,0.15283365838709695,0.5320225072960467,0.8176167390289157,0.9290681242150033,-0.3471,0.8564,0.1926
0.02467329067018613,0.6309280232207832,1.895288334861344,0.7667402317947866,1.950626700028696,0.29241143156511484,0.06677880508384454,0.887346427162957,0.2891705152236918,0.5700178621883986,0.8278853664503633,0.041367872266708856,0.8289804305578852,1.6645774195597776,0.3549491071766018,0.10971903002994365,0.7944026469602042,1.1190741663051615,-0.6453,0.7754,0.6969
0.09104729842500946,0.9819220825062598,1.9290606399433403,0.404563464992459,0.6850179167587404,0.29388435113320716,0.010572079838369094,0.845038361233663,0.16693751087162653,0.3991227861729895,0.7973677975469766,0.014364701363507943,0.8202680192073123,0.7609357719877138,0.6487528111031254,1.935602941520339,0.8252773876978783,0.4221976240175183,-0.5374,0.796,0.5041
0.33838930290238617,0.44458156725693754,1.772598895627345,0.45894034442832093,1.8388263431416532,0.29479896679946166,0.016140068239332013,0.9804022684751397,0.18156026500591832,0.60727310811491,0.7979696308130374,0.007576447123652218,0.8151688976902441,0.05011418223484365,0.38486675342743115,0.42262420197203254,0.7597626496245902,1.705167027581861,-0.3508,0.7642,0.3175
0.3313914783084788,0.40967473561112966,0.47987758529361746,0.7121154467812626,1.126171263440368,0.2929463312257943,0.018540493164681763,0.9582738056068014,0.0402126463680387,0.42182825485730413,0.7883911538371847,0.004532987522442612,0.8369377287401446,0.7203842667006068,0.5821635583602978,1.6215611897953428,0.9988121200743276,0.10337012789566344,-0.3103,0.831,0.1375
0.3183305494447043,0.6411295232243556,1.192392270908248,0.7653218440576708,1.2159582775282125,0.28708894355816256,0.013700959028718082,0.9380337371639579,0.2893322403328092,0.6030250968421655,0.7977209521585059,0.009710803487159973,0.8157730702821919,1.6671341256772254,0.35512590684996326,0.10971903002994365,0.7755427447171641,1.7950716036861691,-0.4345,0.7498,0.4091
0.34393228107533813,0.4568151278164031,0.8563482921642525,0.3911094383070778,0.7124737567906211,0.29692455047707644,0.008523312119623138,0.9232999844898819,0.16738323401910338,0.4123789420250956,0.8000574639819471,0.012163672826257486,0.8154818366569488,0.751395998076752,0.14407668040293864,0.5320446123484208,0.9795230577189988,0.11172377890805518,-0.3348,0.7681,0.2879
0.306353120480307,0.4265713862816748,0.829959388607846,0.30702142088251216,1.194551836919278,0.29482385540615086,0.013812545186989846,0.9327810163773611,0.18156068928021776,0.332689331952957,0.8283626337454278,0.040456126897379395,0.8058721658359147,0.6756691525970935,0.3638835486085513,1.896992493243766,0.7879561131665941,0.3824103869280506,-0.3532,0.7083,0.4923
0.029489907196349807,0.885694136698085,1.9150910336815101,0.3864799075200915,1.9512588282969823,0.2932288892776246,0.06693178057122406,0.8565938631362906,0.16602258411371892,0.43030688330674344,0.8571518060421338,0.11909560263014894,0.8262128251556503,1.7389985873263119,0.3778266774298641,0.26396905208698707,0.5240206916480332,1.1848688069686117,-0.6253,0.5586,1.0
0.3388899666248107,0.4265713862816748,1.5659054340276293,0.4581669188226861,0.9623202483481144,0.2948293950427338,0.01446957599527337,0.9188945696199007,0.18609415224978626,0.6060097939648915,0.82841341795999,0.10960079750823713,0.8262057517254577,0.04710552205870354,0.5849403875137382,1.8827080997960712,0.7853669286165704,0.5115097325784929,-0.457,0.727,0.4739
0.019631095364090273,0.6387329786475823,1.8947064957759556,0.9432734675390746,0.0773229337066001,0.6585120497407653,0.07601257980831966,0.7271287213506554,0.3926776742639509,0.6283578781695889,0.7770397926242055,0.01827982141263771,0.7620958599173687,1.344600742065568,0.4198549542913539,1.8989000188921115,0.9540634995484801,0.056671279245976265,-0.3228,0.8475,0.1593
0.06467174033787032,0.4913411881621777,0.7749899426875821,0.6652437536926145,1.2021336801315463,0.2948447183853696,0.01584996480192851,0.8735787517066311,0.24077216237023336,0.17426181399764107,0.7973776812475448,0.11844502993922172,0.8169748383627511,0.03758783036255217,0.5657047219502784,1.94673300162018,0.7535321093715415,1.1861054388725152,-0.4705,0.7112,0.5335
0.09922044884840453,0.9304679368113135,1.4564915542110763,0.4052552731227119,1.2849638568186557,0.31077571605022297,0.07045797459404447,0.6859591790133862,0.2918828635085923,0.5718240142552821,0.8266930167519979,0.041502010607841235,0.8466590735471431,1.6636854722681627,0.35486890012462124,0.11038934634512221,0.7858067138987629,1.1511359531916512,-0.6323,0.7024,0.7903
0.04724235398470459,0.0874637601623248,1.4217602802995537,0.6219128078181188,1.9994753315379497,0.29506060897651243,1.0289201686113527,0.8551119055956552,0.026705885887017063,0.47912050566429265,0.8022301628773454,0.0080664223213537,0.8597268482918081,1.6983362412392506,0.6003654826887787,1.8310329285280225,0.7803455635776844,0.8476929116212277,-0.4523,0.9175,0.3034
0.02516356629487771,0.6377785787505632,0.428928572623802,0.7653218440576708,1.2159582775282125,0.28708894355816256,0.013799522844717938,0.9380337371639579,0.2893322403328092,0.6030250968421655,0.8279233612703858,0.04177252151618774,0.8291065427877503,1.6671341256772254,0.35512590684996326,0.10971903002994365,0.7944026469602042,1.0531863305533944,-0.6434,0.8097,0.6331
0.09987465318147702,0.8853041710996311,1.357211093749401,0.7326463527000175,1.365832391674015,0.3439112641142847,1.3698883164877647,0.7129211388395806,0.23339732468760988,0.5759775817996866,0.8280998737589405,0.04261403946082516,0.8262388196650556,1.3279313813687492,0.39254111726363894,1.8813670780227711,0.7851532522796039,0.9250039391617417,-0.6038,0.7064,0.7667
0.02467329067018613,0.6617688861829858,1.696796699832334,0.7674498217698104,0.9447712197057304,0.29486789463215957,0.06804497608468123,0.9679093910257432,0.28936158291864367,0.5726950088802432,0.8062644804809788,0.046098142004657956,0.829405968649017,1.74820259414043,0.35512590684996326,0.1097278326915369,0.7931332327587906,1.0175343995616917,-0.6405,0.6689,0.9622
0.13261580535460377,0.9304679368113135,1.4564915542110763,0.7646623671391443,0.9889458455195559,0.31077571605022297,0.06695181455826257,0.6859591790133862,0.2879043715483046,0.571938920149115,0.825401030850743,0.041502010607841235,0.8287970061560407,0.8927022951968275,0.35486890012462124,0.11038934634512221,0.7537733157386447,1.1511359531916512,-0.629,0.6646,0.8462
0.9677111361845611,0.7062009653208475,1.87797531653907,0.7305204976596019,0.18319094975492412,0.3238682531071073,0.7909684547220965,0.6790308221864254,1.72088343152816,0.022674101719072692,0.3955929027537328,0.2658108199479334,0.8529817293580917,1.3564626193482783,0.4352970075661672,1.853496185795847,0.7532581963757256,0.11366279012328993,-0.435,0.5326,1.0
0.09823963741556035,0.8150859465809182,1.9165983918300886,0.48004691679474243,1.233306779003976,0.2953269605460797,0.014506182423583612,0.8564836668392419,0.18708384556273705,0.3399745910627555,0.8057178103863556,0.04929640073623903,0.8054912936925314,0.682165273943214,0.3925057028364812,1.8967995785230984,0.7804257432060063,0.47163925279835034,-0.5513,0.6498,0.7494
0.0948318502813123,0.43552794926234134,1.3285515135588766,0.47812979153671054,0.7239975093953199,0.29510775166796066,0.014506182423583612,0.8420360759497686,0.2353074132729246,0.34369229921051364,0.8089779324867123,0.04336193876174367,0.8166269813267288,0.6469667818113154,0.7477400433409327,1.8798624145846359,0.785932982729884,0.48138484405152515,-0.5616,0.6695,0.6861
0.346122697988401,0.9805822382365939,1.3666510891538817,0.7132912327475062,0.7379220400491383,0.05289000432497716,0.5127555255208305,0.9976697617242375,0.001265268866409373,0.604739004025535,0.8377172750949411,0.26439722306488656,0.8250959020847183,1.639939625881824,0.8803421260069489,1.948911413972446,0.7769969885706243,4.978310519337947e-05,-0.2375,0.9467,0.0186
0.28445865030472905,0.1253346006164675,1.4086063058476714,0.10663014252205824,1.951068338634899,0.29663461225822657,0.31007203539113304,0.6821227328906162,0.2411924920028589,0.5810110634598022,0.8060194861173353,0.04106704919911411,0.8400159445846102,1.2342591581235391,0.46918679708561495,1.8797961843428415,0.7886211567684654,1.0650440122951377,-0.4737,0.5972,0.9345
0.0948318502813123,0.7768293330474466,1.1945484240747757,0.621509178824018,1.0336397411107132,0.29292168304429744,0.013560795796914464,0.8503544424134339,0.6981221737849024,0.24578674864055824,0.8045269594166129,0.043743355817479936,0.8342989226578679,0.6644232586464591,0.6576616964718144,1.8879182799615297,0.7980775201260009,1.0965529939220375,-0.5551,0.6298,0.8436
0.021083452319026374,0.6348994848410033,0.428928572623802,0.7660596763835396,1.8662510476132954,0.2949006608998611,0.013799522844717938,0.8875318492507521,1.870272364108448,0.36818302520221463,0.8279233612703858,0.0804063697977565,0.8140432511007278,1.6669558879801984,0.35512590684996326,0.10971903002994365,0.9841498873186395,1.745837244740934,-0.661,0.6273,1.0
0.02696118984151266,0.4689609402473963,1.200081410122344,0.7594495657615669,0.9599881060592568,0.2705314659781814,0.05589681471625452,0.8857524094160072,0.09305588961535705,0.40817764565969883,0.7876746066398197,0.011763435344581671,0.8288028994606476,0.0421320070905028,0.6633536069619798,1.8242466820175243,0.752430406879034,1.0652730338303664,-0.361,0.9337,0.2322
0.30694953605899616,0.9587907367902948,1.8415424949100818,0.45330211784408814,1.377410155939635,0.2948524042749793,0.07122243493080507,0.3626874314893747,0.03933106846126724,0.5423841654338887,0.787045935313158,0.012636388412227133,0.8290537286822769,0.05497652498033246,0.6579375626728121,1.8939250035735367,0.9994432616203943,0.010570243311585736,-0.3247,0.9609,0.0292
0.3309706519501337,0.46448953697175327,1.7777329281222294,0.2866397588919172,1.3994698820312788,0.29376374725154974,0.010398907175221026,0.9747868593642464,0.05655270940781308,0.3602709372964699,0.7978173429271619,0.007634798305433576,0.8299678948710373,0.08820891961491838,0.6419624338853582,1.8576869792077444,0.9878876513900126,0.4123965608227994,-0.345,0.8287,0.2127
0.35176220689789955,0.9505221348313168,1.9168057672434569,0.3495815620695428,0.9322214407226107,0.2924246985874361,0.01421558545742438,0.8550584059728904,0.1964526541767455,0.45816235009515327,0.8226868801433583,0.04734643450159371,0.8227730212130427,1.6558317839109675,0.6006055414477829,1.8405079683193062,0.8098827686828757,0.5070692953257965,-0.4397,0.6789,0.5859
0.09652240027385,0.8380279245040477,1.423954338032921,0.6347096863846095,1.2362091038926466,0.34370814787267895,1.3624421616738247,0.6900872769332612,0.28616563187223554,0.568850062256014,0.8253492636080254,0.04294032816790643,0.8289818257134762,1.633215140814815,0.38407369688519843,1.8315801014152335,0.8167532447756518,0.9248622200276204,-0.6038,0.6694,0.8332
0.09108144731577304,0.5833248914949188,1.937316352484042,0.6381285562951543,0.756853731641451,0.3117311035433227,0.24430352525128818,0.6821074867950505,0.3421384309260438,0.5513963503836897,0.8217821929401665,0.041270074781212016,0.818663297193197,1.6418880054402814,0.5787818841704718,1.8672621519716857,0.7536051796371909,0.8960727691784952,-0.6165,0.6445,0.8873
0.21128882759531992,0.08565883637588484,1.3966591014240097,0.7430809792989448,1.624383456236647,0.2970112667815105,0.014339089439905646,0.9924321450943238,0.023980572774443723,0.00869029889644856,0.8538434822300753,0.03578701544176843,0.8500741047979685,1.668436502501364,0.9543681507823915,1.9034053541939135,0.7826609501174403,0.010985695638594445,-0.2426,0.867,0.0645
0.09968360034587363,0.4282668235300314,1.4588927981235524,0.3963165472475618,0.9856024885395711,0.2911247161698979,0.10249203380114627,0.9634621631063056,0.014043552880351001,0.5887027198625152,0.7797250098962161,0.011753357234274337,0.8360313670697233,0.06380773379298194,0.7090103962581292,1.8666340031164335,0.991740645011469,0.046246351621273406,-0.3344,0.8715,0.083
0.35473630259007916,0.5754402269959191,0.7759202626364265,0.6962621638601175,1.95209255494667,0.2984555134301716,0.013595926510387131,0.9678255854274376,0.14822426869475544,0.6519070718488071,0.7883788821408237,0.011326720677823,0.826558278474488,0.044571548813993944,0.1677534057572482,1.8732725983133494,0.7804777926948018,1.035668426465255,-0.3674,0.7708,0.3296
0.09111505241566868,0.9191560366573562,1.9962765724809899,0.6025606446672255,1.0002846178867115,0.31077571605022297,0.06695181455826257,0.9036312377117067,0.1941277831200507,0.39434997124558324,0.825401030850743,0.04149025872830498,0.8252044068183332,1.7254120031172944,0.35486890012462124,0.13751219738810727,0.75375552123245,1.1511359531916512,-0.6528,0.6876,0.8357
0.024675548365854314,0.658819324869448,1.9110166730224671,0.7625259878474866,1.9838598555116573,0.2951634371648009,0.015707598075941156,0.9342478237146317,0.3404961721492234,0.6030250968421655,0.8279233612703858,0.041926071402133475,0.8286381866794558,1.7254321823779641,0.35512590684996326,0.10971903002994365,0.7675560129548105,1.745837244740934,-0.6525,0.7913,0.6608
0.02442982339222052,0.6316864951473504,1.696796699832334,0.6232610498680209,0.9446543252565213,0.2862079662535713,0.06804497608468123,0.887346427162957,0.2907032655078125,0.5726950088802432,0.8279233612703858,0.046067450972944485,0.8595695006282259,1.7474673917834929,0.35512590684996326,0.1097278326915369,0.7937847526487127,1.022243988059891,-0.6406,0.7597,0.7452
0.30963035971994035,0.9803484593216503,1.9441620188565163,0.6416510839121013,0.9586372202073383,0.29485416666991876,0.014440269595563784,0.9187616424790312,0.1936538007221676,0.5699323554569494,0.8221236962559757,0.04611443584850698,0.8248364595570438,0.1519707593375778,0.4907724367200333,1.8892319706333744,0.8186441351215286,0.5394613616611091,-0.4662,0.6948,0.5675
0.024432081087888705,0.6595777967960152,1.3751278677236898,0.6185578573701398,1.9838598555116573,0.2866168317300503,0.016115122097160484,0.9535278803560715,0.2893322403328092,0.6030250968421655,0.8279233612703858,0.04177252151618774,0.8588017186586646,1.6671341256772254,0.35512590684996326,0.10971903002994365,0.7944026469602042,1.745837244740934,-0.656,0.8037,0.6427
