c0,c1,c2,c3,c4,c5,c6,c7,c8,c9,c10,c11,c12,c13,c14,-Jrel,Jadd,Jtubr
0.09943599615583935,0.03974846880438626,-1.9159639020789312,0.9672955310673786,-1.8513977734881917,1.9167334394238973,1.7434791098885463,0.8305765233636554,1.075568465001099,-0.5622926902426262,0.7716807055230317,0.9773046196382422,0.5631129382953576,-0.566416039346646,-1.9879434640476594,-0.5606,0.7279,0.2792
0.0,0.12067680538732843,-1.9773664767767172,0.42152428982702245,-1.7809865172974673,2.0,1.451887935333127,0.933537711205993,1.4250052859589346,-0.5172987641062617,1.8552916311933185,0.7995210752887261,2.0,-1.9814833952851494,-1.9997972916795335,-0.4808,0.8047,0.2144
0.059555871813026635,0.19155480525238347,-2.0,0.9854878151531905,-1.7955178362299535,1.9837471878520807,1.8688267094330426,0.6713328675036175,1.050305731908668,-0.6636793871057975,0.7651090136361268,0.8947355560593301,0.7173631881738487,-0.6202259811292867,-2.0,-0.5728,0.6765,0.2986
0.03500374979930348,-0.03021330624715506,-1.8743730648964845,0.1565611098820856,-1.883854181084708,1.3992566009402816,1.6202416409643061,0.6850548086175341,1.3969816435353954,-0.21389141051631663,1.813999027666644,0.7057496920447548,1.8544460119283321,-0.7122411958421122,-1.8659144664502425,-0.4803,0.8664,0.1887
0.026118623890357365,-0.09900753437360972,-1.93233206811008,0.9127750048982148,-1.8221442145132403,1.406883589810248,2.0,0.701921094478823,0.5142266202213568,-0.28257984711684114,1.9160802250773645,-0.6374208281372412,1.550447955358486,0.6815689787409075,-1.9719077515852421,-0.4519,0.8436,0.1196
0.0,0.10147366995034929,-1.8675847595070083,1.1860817425833001,-1.247049114946706,2.0,1.7523497635755314,0.6335985976306265,1.2069517995421324,-0.839934306587594,0.5775307880613706,0.3852481545973851,0.7168622735681576,-0.6782116822086989,-1.6884438694955903,-0.4808,0.6198,0.29
0.09383098965703537,0.005476367786551653,-1.7190811891243734,1.1247913199400197,-1.764058867556174,1.6687175048031724,1.5736367935637916,0.553326617753716,1.0131510159052384,-0.37309933350232033,0.6119683972969314,0.8551874463235224,1.0296079658108008,-0.8866294138498165,-1.7721032755521813,-0.571,0.767,0.2799
0.011243639340997758,0.06627083726592238,-1.968219230964335,0.9402488165834553,-1.4774763853098383,1.6551943071323076,1.8505928790054995,0.5787424943897661,1.0747173865170674,-0.3126185171113501,1.0326016981612445,0.7090140675156317,1.2879096953264082,-0.5345605816977661,-1.9932038072760776,-0.5851,0.6581,0.3389
0.11159565206420875,-1.4109827866896358,-0.05885883943413899,0.9062875962181055,-1.9104321764414542,0.9925347081581523,1.303529574228796,0.7492912345757302,2.0,-0.7219460796625486,1.568568256015416,0.35734340264080944,-1.8407259238510663,-0.5399103829181551,-2.0,-0.3329,0.8996,0.0391
0.003975283927059188,0.56789006048888,-1.4999295094141034,1.457885655498619,-1.780830194508799,1.9840437576866776,1.7157809564518585,0.9262246258147228,0.7936970391075301,-1.3872358650720233,1.0788036854648022,-1.1243404027077124,1.9556723432148548,0.3195628735291448,-1.3853357209943038,-0.4495,0.6166,0.2131
0.130353473313882,0.07911219974802652,-1.4871970591679626,1.4945287278761545,-2.0,1.309767433706749,1.6673369375350624,1.7087451999860401,1.1030798476967267,-0.943099654183237,1.2563940862638876,0.6181480164850127,1.587415973393057,-1.0093390700671818,-1.7894304389921187,-0.4808,0.5998,0.3129
0.043108456836218896,0.38605193649687974,-1.7442581230754013,0.40734695669435017,-1.9515769980827193,1.958005894178064,1.9779996921284198,1.5830468733942922,0.5384961060184219,-1.3532851198482552,1.7316738086191412,-0.5758173017471049,1.717144130426987,-0.3681376959643197,-1.2137327096777408,-0.3702,0.7095,0.1299
0.08940530080707618,0.08738145273808352,-1.7427981039950917,0.5731084522581203,-1.8717676831436934,1.4952821847966073,1.5429210348104199,1.3802403938743275,1.637124830090656,-0.4240105087099017,1.3208452231301624,0.6137582647180553,1.6227377851903988,-0.5183982234086976,-1.8859448965205317,-0.5707,0.5595,0.3779
0.049918006736976175,0.2406484285519378,-1.8252105553262896,0.07656930687936622,-1.9631352190490998,1.540774235918766,2.0,1.2116740617513344,1.6761473425353333,-1.1284289364898856,2.0,-0.4086399187270429,1.4454992869071301,-0.18181765362730626,-1.7676342115547643,-0.3702,0.7536,0.1189
0.08400996809542591,0.09896344716513442,-1.8746984274516405,0.4922138795673717,-1.5601346555594748,1.2380616331740046,1.375171360280312,1.232488287592889,1.6614168826845737,-0.24114583462408035,0.5377527730220519,0.4179039197689046,-0.8766433010110256,-1.3273388557138504,-1.5220503997566963,-0.3228,0.8918,0.0263
0.08511485260441361,0.16017001209111242,-1.8595284613764393,0.3515725442231829,-1.6624786365591675,1.3501241630915215,1.3905703289817675,1.4011090199190948,1.6111685603203207,-0.21276115496063516,0.44408322153877533,0.3820945765046606,1.90642798268402,-1.4206798190933532,-1.5402797642589185,-0.4614,0.7794,0.1976
0.02736665054254163,0.5116768006284982,-1.7864485542756685,0.592570232636301,-1.9255011324949722,1.8132542017352453,1.9660462551626645,1.8120444732394387,0.38818527216026566,-1.2544712978049342,1.837155439538054,-0.684671678041092,1.8998676112631985,0.47401602862988396,-1.9686767104426441,-0.4495,0.6677,0.1672
0.09016367874194813,0.16978975787995143,-1.9103938978704484,0.36329235606160526,-1.629191178577127,1.306552555178012,1.330879868621487,1.4294799990792657,1.6696467967289266,-0.0941633045316564,0.39130969818533307,0.38673856343690677,2.0,-1.6396738127480346,-1.4873909972646753,-0.4708,0.7787,0.2075
0.04171623939425685,0.17034568808036055,-1.772243536911406,0.24854717518725955,-1.980479246380973,2.0,2.0,1.1793866648235491,1.8582128722022848,-1.5896145091857805,2.0,-0.42408553247404557,1.8374831127656028,-0.08068733148317009,-1.8297642749538183,-0.3532,0.6692,0.1496
0.010615282939217999,0.06693940693414649,-1.7826632297751153,1.0441655935867091,-1.8082236042268753,1.993049974554285,1.7838731488424744,1.045479150113652,1.208012810375919,-0.7817773608755776,0.8292249033703207,0.9673420025401805,0.7438265085256168,-0.6100699931463373,-1.9763927674332178,-0.5701,0.5899,0.3389
0.059555871813026635,0.19155480525238347,-2.0,0.9854878151531905,-1.7955178362299535,1.9837471878520807,1.8688267094330426,0.6713328675036175,1.050305731908668,-0.6636793871057975,0.7651090136361268,0.8947355560593301,0.7173631881738487,-0.6202259811292867,-1.9504080312211085,-0.5728,0.6594,0.3062
0.03577229972354419,-0.31514132103415127,-1.916597717754576,-0.3467421911063252,-1.9957277485735956,1.9301910908692217,2.0,0.9623681050973228,1.1139051540668772,-0.572841821748734,1.7986922747983127,0.6263144178417583,1.69161718932735,-0.4079616313489802,-1.9396244027057732,-0.4536,0.9171,0.1032
0.00023944347066323223,-0.017306662288085493,-1.992894205317304,0.09804080356911699,-1.954627229115932,1.9880497853203454,1.902312750329662,1.0170476235493524,1.613696996364812,-0.4516069905594721,1.7431945187306284,0.6237143433072407,0.9747626958321893,-0.6290013661681747,-1.8924177244698548,-0.5803,0.7158,0.309
0.028053235087327807,0.17731554225890125,-1.9886228997362199,1.1244228187426963,-1.959002599710753,2.0,1.7828564005788368,0.8245772108459829,1.27093263836324,-0.6953803038526535,0.7711176822753029,1.2056540472060318,0.7281199486179317,-0.7275450709318634,-1.9889401240841185,-0.5701,0.6154,0.328
0.028256484768521963,0.19205546945443874,-1.8810539185256554,0.7041587161432441,-1.7363469952323916,1.9502782261751566,1.7808795474899228,0.976689485079233,1.1997731456108622,-0.8077687522604992,0.8727604638005014,0.6971245697474973,0.913296058446264,-0.5586994377407815,-1.9277085993308989,-0.4804,0.6987,0.2499
0.03616863075101852,-0.04029194634356767,-1.9209332731074134,0.09206633374002905,-2.0,1.9645301714428052,1.8800769958852201,0.9020039774923565,1.359660962219936,-0.4165545700584752,1.6681451307569382,0.5807026562899482,1.0086436745660272,-0.7866740558024311,-1.9925183174907846,-0.5713,0.8197,0.2475
0.042924987666022894,0.029922532494579608,-1.8360537602375082,1.04428001994069,-1.7268466107418605,1.9429900638511335,1.7481689372948699,1.0208835657120512,1.2277815968610857,-0.6773472418302547,0.783273243815542,0.9338747474300323,0.6067272505657977,-0.5985230750539247,-1.9197544898990246,-0.5723,0.5793,0.348
0.0011673857611024026,0.6062135795897867,-1.6937760323925537,0.6418785573139613,-1.9846790031215946,1.6434729491939701,1.9787505406801902,1.802765126672969,0.3745499649947318,-1.2254399949715227,1.7243448307267526,-0.7780835606850458,1.7999809277713263,0.47829465628606804,-1.8958956393072375,-0.4495,0.6777,0.1531
0.008240645170446736,0.22426262580952486,-1.6635492948562576,0.21473880522343508,-2.0,2.0,1.949252026990842,1.5652469138545393,1.7895604485045655,-1.5028499399699873,1.9458114027489644,-0.3919352085225707,1.3198150952025112,-0.22124233710936395,-1.8303139060173061,-0.451,0.6537,0.184
0.0,0.31368298318825927,-2.0,0.8098443757439893,-1.835624409478834,2.0,1.9916731525010334,1.068930028677398,1.1780992587604315,-0.8901948210206716,1.1316335949701353,0.7594480928172661,0.9849345545315101,-0.8329416903315976,-2.0,-0.5598,0.6211,0.3074
0.0,0.10882226917882729,-1.4623184288309996,-0.21753821551173058,-2.0,1.9983081918329182,2.0,1.957614925089443,2.0,-1.9098861665728974,1.8829858054510902,-0.17112671356130135,1.4091593889231164,-0.20374231606489504,-1.8901032516056182,-0.3532,0.6795,0.129
0.06563111412649315,0.054115394508349596,-1.9024403303842323,0.9178056170058178,-1.7905010129743946,1.9716441951295292,1.7964794881403743,1.0524221423333162,1.2752378106951985,-0.855749660870577,0.807907109391169,0.8480943435715061,0.6189129446062146,-0.6718876981608979,-1.8995156171733898,-0.4808,0.7129,0.2393
0.019227169954083054,1.1708903377998376,-1.677164309827001,1.3527268160167116,-1.0315411211042276,0.849752552997873,1.472972944691931,-0.2871326832782814,-1.9782762173820452,-0.35099989460875364,-1.0782243331298471,-1.9441962586512893,1.5334285847943645,-1.2626325781550647,-0.6304092347517465,-0.2372,0.8583,0.0285
0.004113513009434802,0.15647534213085218,-1.5087898480569346,-0.04137660187549541,-1.9117586275283422,1.9826649670667142,1.983898406031073,1.6714915190932165,1.8484674384855675,-1.8315721349161327,1.8994267503758846,-0.3397620382248335,1.9339127184424083,-0.06509080084940971,-1.9496209422074475,-0.3532,0.6562,0.1588
0.17435568196928303,0.010325861969547816,-0.2704232048739976,1.5225361222144838,-0.2117248679766271,0.42848425806494267,-0.09040652855858262,-0.2545861367299125,-0.003458308754954134,-0.06149641055790862,0.4870553633587774,-0.8604713206114073,-0.2508782708202206,-0.9271355415249111,-1.5736735643677018,-0.2426,0.8833,0.0058
0.014171686190118705,0.3665501055867719,-1.9455380605152548,0.5816293382242091,-1.5708252003220777,1.5406400520154464,1.4919518024149092,1.1233757292730087,1.702378304858307,-0.46073774926742933,0.3605319276697709,0.43989656421843,1.5675033986454778,-1.5232405871840733,-1.6080988491251087,-0.4623,0.7336,0.2147
0.000561459456042569,0.20155321707446083,-1.4804185179359286,-0.042510826066658645,-1.9938120578110006,1.8887928914068066,1.7944830426781646,1.6689353358632728,1.9738077560524636,-1.6016121676533686,1.7815656873877086,-0.36664274664690033,1.3668217026138691,-0.3805693261984223,-1.9028132640788786,-0.334,0.7277,0.0889
0.0011028874624951501,0.5571026092576197,-1.761533112339345,0.5691222556943984,-1.989438179947441,1.9441617585059983,1.9903962139146343,1.9350204572306935,0.5244718623868144,-1.4168351553033052,1.977127086540438,-0.7606555883373869,1.9236569198246762,0.5093355411421248,-1.9927247862733066,-0.4495,0.6374,0.1884
0.07607259913255784,-0.26457697874271374,-1.7422592499864278,-0.08144134194525426,-2.0,2.0,1.9935815604415568,1.8184015256483146,1.6632597677313974,-1.657261574945875,1.9083897326032522,-0.2488453122788368,1.9486521643866381,-0.11464204160641389,-2.0,-0.3304,0.8083,0.0698
0.01371459647729555,-0.4067138326784012,-2.0,-0.6063920993558499,-1.7977020528714622,1.945015815642096,2.0,0.5956609716581089,1.4594496443612939,-0.3836789721970165,1.7366893033894253,0.8263507852759665,1.6626515750733297,-0.6050777316699252,-1.8664386792444165,-0.4643,0.907,0.1251
0.053915979401858716,0.39671751737343125,-1.9874663978800473,1.1661055822546793,-1.4298578964203095,1.9768473832502964,1.9923849523464927,0.23992554235684374,1.1294116205694986,-1.1367054123587168,0.7013481518205542,0.6577623522141723,1.0095719736931592,-0.9440369576452754,-1.990600971391711,-0.4727,0.6527,0.2486
0.041506205927931285,0.2780855883411665,-1.6505463350126588,0.4405199095431585,-1.981982755318295,1.7472094643258484,1.9768834034922251,1.3930387778095927,0.9416374298952466,-1.2392781233288181,1.5081967418382012,-0.6437922806382101,-0.6062619393152298,0.19289644491359792,-1.6588386948721838,-0.3184,0.8876,0.0238
0.001724658371913535,0.3141215713309503,-1.9596555888828449,0.3216476866256524,-1.6373957402551127,1.318985782767587,1.4029227807347002,1.1694857163816696,1.7829055775589553,-0.1433441499041983,0.1867103686393178,0.5701270412987133,1.9920783106380646,-1.7923900973403692,-1.425900539730659,-0.4712,0.8058,0.1987
0.0,0.6008269438656683,-1.7362699423508579,0.5903772312776374,-2.0,1.962193234113898,2.0,1.9887501198960302,0.5064774367417412,-1.4959002735480247,2.0,-0.826479916387771,1.9539913547922168,0.5789866606573254,-2.0,-0.4462,0.6291,0.1969
0.0,-0.11732670656623041,-1.9339606941288758,0.1258254912040627,-1.9343488198036491,1.9756944186102448,1.879978642198212,0.9847947264159217,1.6668013267931205,-0.42146528992749727,1.7158603496814435,0.6592143162904566,0.8475335465569839,-0.6685476689826775,-1.9188966039309372,-0.5803,0.7441,0.2979
0.0,0.37981892316683696,-1.9873356716054216,0.9534717506254002,-1.7394833770172666,1.9263884685540875,1.7478273979395191,1.0039447881480104,0.895633905371376,-0.7189856371412104,0.7196062469835122,1.1180906158629413,0.5347244901385748,-0.6628096379729845,-1.874119506400282,-0.5582,0.5976,0.3293
0.016310776221678144,-0.012930487653947569,-1.91049294704774,0.16829045793990646,-1.9872858469911656,1.9407227270895413,1.8775341011446023,0.8808159072094918,1.2750136211842364,-0.4008056151357107,1.5917547436269421,0.5450809328196289,1.0059174955725962,-0.7824365204056678,-1.9884017169092398,-0.5723,0.8341,0.2329
0.02539839270371315,-0.530123574171271,-1.926475400150447,-0.1147713857530516,-1.8815881906344423,1.2305167786483509,1.879665639197131,0.9359809642297331,0.8850549235470566,0.3212504642353261,1.9409177548974388,-0.29877509464867685,1.5971646471664653,0.022735227767055777,-1.88681362771972,-0.3459,0.9359,0.058
0.042908675932340164,0.45958751856748525,-1.7512326481953224,0.2775484897041381,-1.9404057572914173,1.9772875887669825,1.940024685044658,1.3474202302720748,0.8044703087498205,-1.3060323617378107,1.7867530979340642,-0.4621295725380195,1.5237969009590875,-0.2208198530903107,-1.2955237820572445,-0.4511,0.6691,0.1749
0.05111657627015433,-0.05999984730802695,-1.9336640168577486,0.03614156615501603,-1.7155998529422576,1.9652971637165613,1.635447227791794,0.6759630591307154,0.8108027933649646,-0.6240671660672659,1.5516697184770682,0.02995241085502435,1.6980134181413993,0.4352920443907391,-1.5437059481129993,-0.3712,0.7963,0.108
0.0,0.2577069971401497,-2.0,1.0868046875161632,-1.3282668945724427,1.8515272311432902,2.0,1.08744499243191,1.5924023051995526,-1.483263914537514,0.7161068228344372,0.38011732433482426,0.36804999578415226,-0.6767770147903845,-1.7099742118492784,-0.3551,0.6969,0.1029
0.0,0.21517865131661623,-1.4473862006519636,0.25247158259270336,-1.9913454884729704,1.4098702543828847,1.9981255160879627,1.263084398134371,0.9680341619557695,-1.0521529197243957,1.9221620000252049,-0.7673272292301989,1.9503633759967824,0.30103794247304216,-1.8217607870233334,-0.4495,0.7569,0.1275
0.028281139032543267,0.1103818298356598,-1.936818521856393,-0.4042207580613212,-1.4663967137594973,1.9057515085145378,1.8513171498094876,0.25148391370208245,1.5539489627751526,-0.5533716736016487,1.1665486237676068,0.5025798629436659,1.7354411998565273,-0.5787336316638588,-1.867908692961012,-0.571,0.7877,0.2597
0.0,0.16661440958073068,-1.5181059458348984,0.14080319357801435,-2.0,1.9579279230035527,1.9314178208990587,1.6327999281482404,1.8302593516495922,-1.5394390865964296,2.0,-0.5687621624395244,1.49692086512087,-0.06768483222900044,-1.7863496923046298,-0.451,0.6409,0.1975
0.0,0.20085165940756283,-1.5466967938278875,0.04391211282482417,-1.9992705061159028,2.0,1.8698047012522614,1.6171619761463805,1.9630108467670127,-1.5882221140334931,1.669353073583903,-0.3482923756621301,1.4516074922029218,-0.40169833120810894,-1.8579998913394897,-0.3609,0.6996,0.1292
0.010683267684848076,0.38281112877996665,-1.782455170299881,1.17268333208317,-1.6024140826089406,2.0,1.8153011847827945,1.1225404674892174,0.8392780749378931,-1.2851529162308863,0.5925534283626429,1.070480263366035,0.720023999292491,-0.7510309052061805,-2.0,-0.4727,0.6187,0.2668
0.05099328001312843,-0.17343136390111072,-1.9645965141262423,-0.094878865921042,-1.8585450112567181,1.9227678240261286,1.9742141324340106,0.8129281155789446,1.4437230934984244,-0.6202185364132348,1.658654487049643,0.6770359548785441,1.5437604632892008,-0.49614656078392216,-1.9877650150894672,-0.4763,0.846,0.1847
0.0,0.2623664957967989,-1.8743196261169544,0.30858522470559924,-1.5313879843216587,1.4128082212463031,1.3510577278071172,1.2730451386695976,1.7367647501627,-0.18287997927253424,0.25018197118529606,0.2967753763785846,2.0,-1.7444950787310298,-1.3010568916168654,-0.4708,0.7632,0.2143
0.015556140726055335,0.18211182588588654,-1.5627079104220607,0.13424261847320307,-1.9698964685966176,1.9438494977269922,1.846290893265576,1.6303001565319633,2.0,-1.5887132915100823,1.990801645267933,-0.35063183456309255,1.4794964461086795,-0.13423003153204033,-1.8600952001639808,-0.451,0.6291,0.2088
0.0,-0.01977608096354779,-2.0,0.14038317060221922,-1.9434242806411912,1.98623561545553,1.9231057884772507,1.0409746300436016,1.6185113557066937,-0.46257004604501767,1.7295540837154737,0.6359426073350206,1.01375029081917,-0.64426216058807,-1.9094880013781939,-0.5808,0.6986,0.318
0.0,0.341439358581064,-1.9981601153047062,0.8350180133016052,-1.8227589977844292,1.9927463757516837,1.8016752180362372,0.973470163547975,1.0432471910582668,-0.7390194619149434,0.8736299013688766,1.0752714638907697,0.6098550202226105,-0.6919639793669529,-1.9873171256226072,-0.5635,0.6261,0.3174
0.018326979537922974,0.10206986518645979,-1.886543050683951,0.16233577853590417,-1.9211600905000652,1.7365741932872296,2.0,1.1547732735412188,1.6760385209917301,-1.140217890057763,1.99019771218893,-0.29976686069638653,1.563803300406463,-0.14309977559119583,-1.8667361561151823,-0.3625,0.7417,0.1093
0.16790055263431036,0.06597786479507484,-1.960431128408779,0.6440667686902309,-1.9333032879090886,1.3317801163352998,1.4026060681624708,1.5959663363846712,2.0,-0.23878730872577356,1.144953833145479,0.8201641934074082,1.291926903518737,-0.8494875097400097,-1.6601240751296007,-0.5603,0.5488,0.4109
0.1632339638396641,-0.1372401069938283,-1.410409261253847,0.6789729318706286,-1.849372593588344,1.3210453227764478,1.7795722279407842,1.0637422120050903,0.5905807015801778,-0.9005526927989077,1.5181218023184582,-0.894667960596105,1.507277849507083,0.6982392041766664,-1.5209029585886675,-0.3403,0.8222,0.0781
0.08320102936007381,0.08885674441859319,-1.7026373121593559,0.597687070866364,-1.818979377555038,1.5271969222725543,1.5306212923288653,1.2919334311129451,1.5628412711292938,-0.4565620174881927,1.3034051562110045,0.5434362454109836,1.5900563232047418,-0.5427520023161903,-1.8656997456120241,-0.5726,0.567,0.3666
0.014171686190118705,0.3665501055867719,-1.9455380605152548,0.5816293382242091,-1.5708252003220777,1.5406400520154464,1.4919518024149092,1.1233757292730087,1.702378304858307,-0.46073774926742933,0.3605319276697709,0.43989656421843,-1.5819209543014692,-1.5232405871840733,-1.6080988491251087,-0.3324,0.8896,0.0596
0.017112491924957028,0.14815417770553807,-1.9547178396455829,1.1030648759955026,-1.411490219771423,1.7886308337887034,1.9544745340301926,1.1925211370345996,1.6191571669766136,-1.4371471452350886,0.7422305125347965,0.3589710410809158,0.4640475849033853,-0.6484725192089397,-1.6916318741682863,-0.3423,0.7342,0.0899
0.03978265004315347,-0.28474184656099055,-1.5771510650440452,0.21705399710378429,-1.8820104072936685,1.568601865804182,1.7103105027725631,0.2817574470916577,1.3057922989531752,-0.5047839692317575,1.9338913402301585,0.8953720515546797,1.5330494867663442,-0.5740955038972454,-1.9442572733439305,-0.4803,0.8885,0.1676
0.008042511493164116,0.12746532515717784,-1.441837452238725,-0.16258713648789158,-2.0,2.0,2.0,2.0,2.0,-2.0,2.0,-0.2840549086662237,1.844783358444908,-0.08664518276638451,-2.0,-0.3522,0.6448,0.1663
0.0,0.3948434579633699,-1.6581626324602687,0.49017770135072297,-1.9511069870693278,1.872408004669756,1.9585406633069515,1.651556466295419,0.723398681874308,-1.332680284299208,1.8907429204292234,-0.9192678260496616,1.7281334558276427,-0.30751401353361374,-1.2728939226325053,-0.3702,0.6957,0.1384
0.010170911378832836,1.0754744260473943,-1.7157404372231027,1.2106956796333783,-0.9848355593131145,0.6667335296598877,1.7370434153007732,-0.5603311382377373,-1.9615946784719358,-0.18329019968103827,-1.0768172702214733,-1.9722313490698666,-0.5896979799935822,-1.7199951623845835,-0.6914714663174313,-0.2372,0.8497,0.0526
0.04923550671011851,0.5629398410074602,-1.9216034330656062,0.6010818483814889,-1.9001767068064332,1.9979243171108043,1.8538205935352134,1.562285691207002,0.17677684302198882,-1.0582898755996744,1.5548491059491283,-0.5970757927150315,1.8537752434437185,0.39792228303734306,-1.8515293627998208,-0.4505,0.6845,0.1472
0.0,-0.01977608096354779,-2.0,0.14038317060221922,-1.9434242806411912,1.98623561545553,1.9231057884772507,1.0409746300436016,1.6185113557066937,-0.46257004604501767,1.7295540837154737,0.6359426073350206,1.3337638097195335,-0.64426216058807,-1.9094880013781939,-0.5811,0.6751,0.3298
0.005543973082352783,0.06318651868273592,-1.484987356596732,-0.1636356449634036,-1.9704921059241733,1.9056967408941257,1.9114405637396037,1.8229266432604165,1.9583809348509091,-1.8422363275036413,1.9644419116731775,-0.32605267761637746,1.6263690782461442,-0.24851066325411297,-1.9104735941180344,-0.3283,0.7465,0.0792
0.04808292328108229,0.40786257032959766,-2.0,1.1719055825218692,-1.4528777918689708,2.0,2.0,0.34127670167932495,1.1407335924596098,-1.1997798516136402,0.7882235542670829,0.6866590607458527,1.0360117849339712,-0.9815216069691091,-2.0,-0.4643,0.6421,0.2487
0.04747395067025291,0.41899268631988207,-2.0,1.1989737489498973,-1.435406764016964,2.0,2.0,0.30850295522702115,1.153922736844151,-1.215332454170777,0.7635129912564009,0.7057763337525744,1.0275346854043306,-1.0023938752569894,-2.0,-0.4727,0.6335,0.2549
0.0028692652047010814,-0.24151562139617452,-2.0,0.8083734484514676,-2.0,2.0,1.9458539825743209,1.312208020388328,0.22384146734263807,-0.7536494815487444,1.8637716233480974,0.3111245425888919,1.2872731322153463,0.2076529134807099,-1.9678331246774436,-0.3712,0.8577,0.0995
0.0,0.14209605510378462,-1.9800757631460622,0.30543734950530965,-1.8650608192918985,1.9119052145156994,1.9325833129955554,1.0570478492079052,1.0652621102222644,-0.55958885577689,1.4045418367072304,0.4903578817952842,1.0420054200543143,-0.60657549237124,-1.957594995917406,-0.5541,0.8169,0.218
0.02398405497460779,0.002063911733897742,-1.9209651609420384,0.33996707711285096,-1.960760835225914,1.92526993890095,1.892200805464899,1.0176399816033068,1.5508591720580778,-0.5179089700025633,1.4636313019692615,0.4333318535979296,1.2176916355222371,0.9498160019368598,-1.9616735760638653,-0.5535,0.5498,0.3977
0.035632712056331194,0.28105155439595736,-1.8628629167244801,1.0598228483041363,-1.8341423756462216,1.9810781884716817,1.8038940013013975,0.9884846258961897,0.9877107207470214,-1.0924512778006068,0.9690432708700489,1.0652784472431154,0.71277029187498,-0.848099628053643,-1.9607821847527511,-0.475,0.7044,0.2384
0.0,0.20500115986720976,-2.0,1.1324852975811106,-1.3173216418585005,1.820226876369129,1.9668705538378097,1.1633002871746543,1.5807353216605213,-1.4940785891690265,0.6187157267872411,0.4129938120853908,0.3766890922092686,-0.704410684829421,-1.6879832303946964,-0.3328,0.7784,0.0799
0.030408101463620784,0.46323201003496584,-1.635991024544769,1.0961538335500514,-1.991342278939123,1.7368491388179443,1.994414595241523,1.3778762338066783,0.8620442876051863,-1.3519328962637949,1.4513624013404245,-0.7948342689030029,1.910164004104267,0.03478749688210815,-1.2117760297399955,-0.4549,0.6144,0.2266
0.017671669628225112,0.39214338743620186,-1.9587352883233842,0.6281334008151183,-1.5196172093323967,1.510792898697357,1.4239619761709283,1.063668627099862,1.7425333547503565,-0.39104172195068365,0.21367296495937116,0.4920452152341592,1.621745371525019,-1.6675507861074397,-1.5875627871347249,-0.4759,0.7191,0.2269
0.005239470941373432,0.6194486571244858,-1.8396856263063084,0.6448337809566929,-1.9835603318431712,1.8431728109929075,1.980979616465253,1.9262649014355944,0.41412752762467897,-1.2943668729414892,1.9481987864169361,-0.8550473852997635,1.925009739251718,0.6075125926469509,-1.9788332549740344,-0.4495,0.6496,0.1797
0.0012338597578069764,0.3412867482325625,-1.9860414791766705,0.8357905885837716,-1.8311936091629746,1.9900901250822542,1.7976890604747287,0.9816541169351529,1.0409998951987702,-0.7636719866541862,0.8817991823803055,1.050628768675443,0.633190303744766,-0.6753451035362427,-1.9758592768729677,-0.5624,0.6429,0.3081
0.007861980014260231,-0.06148377345005555,-1.9228095016086124,0.27287099783682484,-1.9851938450066011,2.0,1.943065287792615,1.2563255390283476,1.0136743001295665,-0.5177414642911848,1.6105289030049008,0.4928749793906256,1.100805330034191,-0.5250525628242746,-1.9892955351937762,-0.56,0.828,0.2085
0.03537956242237582,-0.11863338287277965,-1.8505539247884466,0.7830113858876309,-2.0,1.6755269572747788,1.9460628396155366,0.8212421291557237,0.46676915164660937,-0.7518148891086665,1.842447230776919,-0.22373246342706302,1.7166261655022248,-0.029220582602635305,-1.8911157544856967,-0.3437,0.9138,0.0692
0.010767339026927294,0.03780418630920791,-1.4217326029597555,-0.28058110745787584,-1.9958679780548367,1.9996068380593186,2.0,1.8945290184461123,1.9308731993840473,-1.9254950873124959,1.9760418103038588,-0.19784965444105748,1.5545293088807226,-0.2604365930212663,-1.8987043732036497,-0.3283,0.6981,0.0989
0.0,-0.203374430038917,-1.9260645998512567,0.08514417357383225,-2.0,2.0,1.9048751031297708,0.9771363416034626,1.8140861809850777,-0.3988040860294401,1.8410594721891889,0.7678382855101225,0.8197003889588097,-0.6099657155968015,-1.9688272683664787,-0.6713,0.7284,0.32
0.02148829655674596,0.2205767384016001,-2.0,0.7423504751848959,-1.7722965302920448,2.0,2.0,0.9878620186165192,1.4891496576424463,-1.0510890531849493,1.3057477337133638,0.979767351488568,0.8415432636306223,-1.0592113573605635,-2.0,-0.5571,0.602,0.3175
0.0,0.017226838570350057,-1.3940655581981451,-0.20524872462481988,-1.9939108423077634,2.0,1.9815550028039488,1.8748397749435464,1.874861648238025,-1.932502534641981,1.8717987974191648,0.1220909102320161,1.3794799235359254,-0.21021589569344454,-2.0,-0.3532,0.6832,0.1175
0.1660416608770421,-0.025230634073956263,-0.3157247723007758,1.4690303779246234,-0.1683942886398547,0.440183683632479,-0.08834067176465896,-0.3832572832799053,-0.12636914802839605,0.0655623881428159,0.5150050126741024,-0.8457187888340509,-0.7520091253948551,-0.9848406172354431,-1.5502377773514147,-0.2426,0.8797,0.0106
0.02177973768574477,0.016748071794653346,-1.3442293420251625,-0.49777797465717033,-2.0,2.0,2.0,2.0,2.0,-2.0,2.0,-0.29433101696407615,1.653900027237913,-0.2441858035632276,-1.8925510726289234,-0.3218,0.7157,0.0876
0.028238744977723544,-0.3949236815401342,-2.0,-0.6468481760220801,-2.0,1.9740948383868242,2.0,0.9430823520422817,1.660951811622973,-0.40221135647623873,1.6723327004892448,0.7720673477882775,1.5095420148026468,-0.40864306687614527,-1.98519810302525,-0.4718,0.896,0.1354
0.04224442142753085,0.20536455383812163,-1.9919477243537917,1.044675629078187,-1.8972214084541725,1.9895265453271054,1.8033068362988414,0.9207502573829421,1.1877152018797714,-0.693131312071349,0.6923527526024801,1.062665031206642,0.7909854679574265,-0.6592886490382096,-1.9686047144688261,-0.564,0.603,0.3274
0.1796860852855122,-0.013691418067407465,0.001602232122444115,1.7765298303843293,0.08300134218544761,0.18405808453936875,-0.38289049122635976,-0.6385375501515078,-0.1603206895244779,0.10727052745941612,0.3447521426111521,-1.128245562098309,-1.1618853714881823,-1.044153515867023,-1.4477968978960287,-0.2426,0.8673,0.0492
0.0,-0.08842226073341952,-1.5466967938278875,0.04391211282482417,-1.9992705061159028,2.0,1.8698047012522614,1.6171619761463805,1.9630108467670127,-1.5882221140334931,1.669353073583903,0.5128402594739665,-0.2394230054317561,-0.40169833120810894,-1.8579998913394897,-0.3583,0.8912,0.0798
0.08748506463627105,0.5507932985213752,-1.9067171704808927,0.9627972190637689,-1.73125609025758,1.97145579069491,1.8463989102549556,0.25628449617778637,0.749104167229949,-0.758782810430606,0.9466451613262999,0.8768475565716927,0.1579135175496112,-0.6997649639649259,-2.0,-0.5373,0.5387,0.4282
0.001989558491652632,0.2460116429470651,-2.0,1.2792548602538127,-1.4188746090369246,1.8670898660281774,2.0,1.791607499756021,1.4980710805622366,-1.4556799095023085,-0.01435433768339657,0.5007079203093439,0.38651492928298375,-0.9056797894838946,-1.736546923895711,-0.3551,0.7048,0.092
0.01868473922358345,0.09722705717889649,-1.9517657259425398,0.30407714366719085,-1.9417522011139945,2.0,2.0,1.1590879669952359,1.3323638893407976,-0.6767740183385037,1.5575150555939394,0.40601101103024567,1.0799825587380947,-0.6448335230774994,-1.9718724941791268,-0.5619,0.7384,0.2671
0.02175681085801894,0.0943495884085275,-1.9632082903901908,1.2503144536979127,-1.4061471540735684,1.9450003272190453,1.7952397587052942,0.5476662484336104,1.3914336680897237,-0.7675816073654481,0.727492177074682,0.3837835853603905,0.5987739365903773,-0.6403034637985333,-1.7370767984288749,-0.4808,0.6356,0.2792
0.006299890917505081,-0.21426029007030717,-2.0,0.7035233541604103,-1.9345213509731216,1.98975732029382,1.9714240958541367,1.0556804983122177,0.23439643778081884,-0.7226127368612693,1.8272965711811415,0.44389521057093917,0.9419646472745845,0.038275953154507714,-1.9490233992340065,-0.3737,0.9238,0.0778
0.047685290367871405,0.18666048105977256,-1.9915923774663122,0.990428044190108,-1.8182416305759483,1.9714776244923984,1.9073835185771666,0.6842412939548047,1.0560055955503735,-0.6595435881270767,0.736431729723463,0.8411789337972227,0.6622349835257867,-0.6040869113140673,-2.0,-0.571,0.7051,0.2878
0.010333707920492655,0.5584327106545254,-2.0,0.6690757783162834,-1.8364198846284232,1.9138846614002833,2.0,1.7035912141940053,0.11213886007696561,-1.1885418635640606,1.6703943009158762,-0.49639714610891406,1.7658410644772686,0.5377397525404726,-1.9065884599296732,-0.3689,0.6792,0.1492
0.03190137204316891,0.10963344123170464,-1.4782777586699705,0.05397613061411632,-1.9904113903513336,1.8878538892627605,1.7805459377446693,1.5986085113769517,1.8714024594462866,-1.493212387613225,1.7236632205498503,-0.2490277277710349,1.5367271834248721,-0.5676386878005247,-1.8376665883623797,-0.3625,0.7092,0.1184
0.0,0.04398413633369631,-1.8878917897142204,0.2893256217123524,-1.9696154447596412,2.0,1.9945188456953347,1.1681441281743963,1.4055823281523248,-0.6736917730248899,1.5839333964425168,0.36642830133041426,1.1599862520565198,-0.6978775890130965,-2.0,-0.5619,0.756,0.2578
0.0,-0.28259600766528514,-1.8516205786956321,0.34810919029340764,-1.9876691071619939,1.980320148093864,1.900708697799581,1.0595156155089969,0.4305873108701161,-0.7550130035598477,2.0,0.4379499278608658,1.3197004119494962,-0.15191189021604545,-2.0,-0.3627,0.9351,0.0692
0.0,-0.24810220890080126,-1.9531659617495554,-0.43933101021448445,-1.9555337423967714,1.9850936690647534,1.9688977166238169,0.8683906252238012,1.5425347597243595,-0.5387985956301448,1.7989384995082744,0.7141330055749365,1.7305123394761317,-0.47467335842267283,-1.95605516944158,-0.4704,0.8688,0.1659
0.12208031979908114,1.0175014449806943,-1.8809897637980713,1.2080895185318272,-1.154659103621916,1.1692400374818883,1.5300511702011466,-0.09116277425742705,-1.5221442535233851,-0.5403546577126076,-0.5788429501969352,-1.362759054612055,0.9264844378740261,1.079483708743543,-0.3868357106816781,-0.2372,0.8675,0.0169
0.00441885967763843,0.12946225762361563,-1.9653768525774888,0.26511034987854626,-1.8991280857191097,1.926426189241725,1.9387650828951886,1.0387040526686513,1.1383159792862911,-0.5879464752971761,1.421117990106054,0.544153181893505,1.0999203326765945,-0.5910019371493009,-1.9862487067786294,-0.5639,0.8065,0.2263
0.02971174313431354,0.7112911805041738,-1.760054885218298,0.5416296939018385,-2.0,1.7752858909768594,2.0,1.4033451786853537,0.42317044541711246,-1.2531769129028336,1.5692994992265237,-0.9178539121552665,-0.053856182155125665,-0.6020447901466256,-1.8961331917619435,-0.3127,0.875,0.0446
0.25780799929985054,-0.710130843401709,-2.0,0.03608951883762378,-1.9957936686083544,1.265917994113854,1.982845595712605,1.1697359318740106,-0.05191227448203843,-0.03221314749721847,2.0,0.041196407967640264,1.557343803985039,0.8014633011116384,-1.9954762881520836,-0.3436,0.9562,0.0456
0.03998204955669281,0.1232551191783318,-1.999136190591221,0.7709314998760819,-1.471126512791323,1.6287629516229842,1.561148223895064,1.1423820172731756,1.7460505480144977,-0.6033954903348705,0.42133248793341793,0.17068507407077405,1.4870681159034025,-1.4720923344651788,-1.5945357720727111,-0.3642,0.7786,0.0992
0.01844269851321686,0.04246075115190402,-1.9036215711085709,0.37732599488019897,-1.9205844136697237,1.9598551056051463,1.9005178310257458,1.033309996306925,1.2198036263834755,-0.5774970562316383,1.478494591487193,0.41213908156020673,1.2010168181158476,-0.6140199870591306,-1.9692461358739526,-0.559,0.7876,0.2379
0.028828651425926707,0.39490725679345595,-2.0,1.1644472427594255,-1.4007778215142692,2.0,2.0,0.3046597007757343,1.024348032112289,-1.1559425685878253,0.6123723199554064,0.8206140705637299,0.9256538114456876,-0.9586694721636775,-1.9966748051038432,-0.4661,0.675,0.2377
0.02115021464111092,0.8010671362469185,-1.8271427387071868,0.8308409785039889,-1.946146093910075,1.4376849677737233,1.958893795177767,0.8250434881314785,0.6574194669812597,-1.1249375769149648,1.7790130700331541,-0.5926750263782097,2.0,-0.06539745792214174,-1.8003813996868923,-0.4505,0.7136,0.1393
0.012691135937009951,-0.467671423615247,-1.8929690826400372,-0.5839908430454401,-1.9675620978748298,2.0,2.0,0.8592536050583005,1.6498350640292625,-0.4679614966987595,1.7413676240449547,0.7989249178549903,1.8034242537339515,-0.3596079840988296,-2.0,-0.4719,0.879,0.1589
0.026503985631574002,-0.2966660898438299,-2.0,0.7051858751739614,-2.0,2.0,2.0,1.2513780282972298,0.4028757331657225,-0.7622834372302336,1.736433936806225,0.3716710540815573,1.1791853708628237,0.15606483716578687,-1.9942769654197168,-0.3737,0.8841,0.0894
0.052934333071184406,-0.04691035867300822,-1.6479536838691928,0.18492982056080726,-1.9778535990315016,1.9586801888947654,1.8066814938150224,1.5828891763267903,1.7544579551985695,-1.427877243131423,1.6335360622499966,0.41291489909768,-0.09464063794075332,-0.32489152789987435,-1.8425075789727294,-0.361,0.8716,0.086
0.00859564575101315,0.33384949757604887,-1.823378023546773,0.9500213767129553,-1.6740045050524173,1.9293869877853582,1.9170210488952066,0.9790631286088762,1.0173970583372767,-1.2019562430184787,1.1320258688065725,0.9417999244019475,0.7595236552287777,-0.7147651261831663,-1.8984066113429663,-0.4889,0.6092,0.299
0.0,0.7233695374367268,-1.9218151150013294,0.5552699310988988,-1.6254423202917683,1.409202594210369,1.2548528068577358,1.4515188711224487,1.7106812466427324,-0.30107252089333564,-0.02833585830549385,0.46704503003753706,1.2538447722544461,-1.8971925531743936,-1.7592080069201503,-0.5531,0.693,0.272
0.0,-0.2611777455881598,-1.9453189508399105,-0.367589311855281,-1.9584831329654324,2.0,1.980057891208639,0.9013084179976365,1.4967335518994291,-0.5523927120646875,1.8194619538260959,0.7015872996674444,1.7016981048725934,-0.467343079619008,-1.8988389827581522,-0.4736,0.8571,0.178
0.051145659415738405,0.4084424646195848,-2.0,1.1260934932131612,-1.4714463286781618,1.9833514229548108,1.9883518627779329,0.44901182876037193,1.1554645582937724,-1.1885416327469087,0.8620099434180261,0.6427544538024232,1.0983060200199677,-0.9192639461912262,-2.0,-0.4643,0.6285,0.2577
0.07708820846473101,0.14836242068597816,-1.8119015913775152,0.3881358831038393,-1.6636487875293768,1.3083068540289757,1.4574079491356013,1.2511414399854905,1.494133782292941,-0.25848330866149977,0.5844553644541437,0.3231565725335503,1.767132582601302,-1.1514439278194641,-1.5584236022086988,-0.4605,0.8053,0.1856
0.007717666297738145,0.18450451862385361,-1.953739226035625,0.27140835158163634,-1.868074235768621,1.934914800789124,1.9649658507915189,1.0562747120890206,1.0374200062771028,-0.6323303214858822,1.4261448638734913,0.4829354328520306,1.1226040670661268,-0.5581886016368156,-1.9567785135393645,-0.5616,0.7843,0.244
0.002463376984230899,0.16701194157547214,-1.9655462836557431,0.259355174804707,-1.9690018261860116,1.9982761023572184,1.9374234329128228,1.2528248091919674,1.0808760565200073,-0.6392825609702424,1.4360642500785301,0.5601436740311598,1.0264062960252591,-0.46490003613917114,-2.0,-0.5561,0.7713,0.2474
0.0028928187435205135,-0.31735823221720494,-2.0,0.9909440109946945,-1.968914165540283,1.9461011378763557,1.9817287264280918,1.1980142010407024,0.10441501063284435,-0.6399224217856302,1.8583756347741496,0.2794459565880866,1.138991341257749,-0.06310069088758402,-1.9557785029096775,-0.3672,0.9113,0.0794
0.0,0.2921739694516175,-1.5156200297875555,0.019540908388482207,-1.976992903275883,2.0,1.8718057859140458,1.6574076084258658,2.0,-1.694497906619863,1.6501289639217551,-0.42374267995116394,1.473176241225065,-0.4270050602897094,-1.8264092120933901,-0.3609,0.6856,0.1355
0.0,0.7233695374367268,-1.9218151150013294,0.5552699310988988,-1.6254423202917683,1.409202594210369,1.2548528068577358,1.4515188711224487,1.7106812466427324,-0.30107252089333564,-0.02833585830549385,0.46704503003753706,1.6197929530450592,-1.8971925531743936,-1.7592080069201503,-0.5629,0.6587,0.2888
0.02521529180151376,0.6008272284901249,-2.0,0.7234652814297587,-1.852993223841687,1.8488542905650436,2.0,1.5071955130391235,0.14813001317993604,-0.08510238260149539,1.6840182976886249,-0.5324728033924022,1.8338503606312047,0.629200581923618,-1.967078334464871,-0.5391,0.5176,0.5516
0.028281139032543267,0.11962672931133467,-1.936818521856393,-0.4042207580613212,-1.4663967137594973,1.9057515085145378,1.8513171498094876,0.25148391370208245,1.5539489627751526,-0.5533716736016487,1.1665486237676068,0.5025798629436659,1.7354411998565273,-0.5787336316638588,-1.867908692961012,-0.571,0.7798,0.2669
0.0061180105557537,0.48600493161275193,-2.0,1.177013196301583,-1.45464588615164,2.0,1.9785626408704702,0.24137715204920665,1.0203966554440302,-1.1729192454125204,0.6472542386831873,0.8087656742241403,0.9270616262832552,-0.9806929452223119,-2.0,-0.4619,0.6888,0.2276
0.11463519280698466,0.17005212147252638,-1.2990717255472475,0.8305425504247717,-2.0,1.4258370555456017,1.403312138522417,-0.22625532982605623,-2.0,-0.738708225638623,1.6558256925413934,0.9526125728045473,0.3033231099842385,-0.7298799222322176,-1.5047423724326805,-0.2372,0.8777,0.008
0.020315868529934736,0.0967074143801027,-2.0,1.1272108814032924,-1.4275002411253734,1.9633759942850353,1.7874937080962678,0.6359572750962674,1.2357424234419856,-0.6851639278091901,0.6621444317800382,0.4451586038118965,0.7338759725884655,-0.6547808626014487,-1.6736283852079505,-0.4808,0.6488,0.2694
0.1144115603602377,0.2541554727588453,-2.0,0.9368561201817347,-1.4246358468701439,1.8254253608311282,1.99000116298325,1.1179928237608576,1.5109239775470762,-1.4276325874055367,0.9298404545206458,0.27469146134148686,-0.3625990903818502,-0.479590409587207,-1.7672351433612419,-0.3545,0.7564,0.0893
0.06707232932198509,0.15647534213085218,-1.5087898480569346,-0.04137660187549541,-1.9117586275283422,1.9826649670667142,1.983898406031073,1.6714915190932165,1.8484674384855675,-0.8290148944560942,1.3741175417283622,-0.3397620382248335,1.9339127184424083,-0.8205190634139147,-1.9496209422074475,-0.543,0.5361,0.4607
0.0,-0.10636660033959627,-2.0,0.26191466527284835,-1.9703962201057008,2.0,2.0,0.9903311949082559,1.0651537206573103,-0.42702647649397024,1.5579242981436734,0.5291311207165401,1.2233118380608339,-0.5293759236280787,-1.9705655904437884,-0.5613,0.8466,0.1973
0.013435361883927683,-0.49912995967090046,-1.9055109528076402,-0.570089112232195,-1.9937229124470042,1.9973841468388236,1.9737516977461058,0.9022459203279513,1.6213103631808432,-0.4210117137198805,1.7311423691245826,0.8038664584121987,1.7937487413653184,-0.34346856197416464,-1.9937863861281484,-0.4768,0.8872,0.1481
