dist_0_0,dist_0_1,dist_0_2,dist_0_3,z_0_0,z_0_1,z_0_2,z_0_3,z_0_4,dist_1_0,dist_1_1,dist_1_2,dist_1_3,z_1_0,z_1_1,z_1_2,z_1_3,z_1_4,dist_2_0,dist_2_1,dist_2_2,dist_2_3,z_2_0,z_2_1,z_2_2,z_2_3,z_2_4,dist_3_0,dist_3_1,dist_3_2,dist_3_3,z_3_0,z_3_1,z_3_2,z_3_3,z_3_4,-Jrel,Jadd,Jtubr
0.8902783565768808,0.21639046881945756,0.01,0.3715277059353797,0.027531662677098015,0.0,0.0,1.0,1.0,0.8297187825114585,0.01,0.07000718842202709,0.09984824360001669,0.0,0.049839093361478085,0.0,0.48193505548945703,0.0,1.0,0.06813962053106784,0.7401932210619272,1.0,0.0,1.0,0.007132922389313944,0.0,0.0219321127282033,1.0,0.8764335208005245,0.9996274863775976,0.4569739401824848,0.0,0.0,0.0,0.009117234743868144,0.02255260517034209,-0.4716,0.6598,0.5866
0.6190118346990778,0.2648532562227352,0.019063594475050048,0.2564148638378146,0.09371079829964359,0.002786053396714802,0.0005758354749758404,0.9999348245540717,0.3955936690573738,0.9464399802866769,0.30748824885694714,0.03903176657929438,0.3442557553527548,0.06563708609323922,0.00020147097386140808,0.0,1.0,0.0685844308983893,0.984110094458694,0.05264998070244583,0.9564578914852553,0.018013005816445344,0.00014382243376026194,0.0,0.0,0.053293441777838034,0.14867462026478506,0.012139526120144066,0.6244211709431204,1.0,0.40311097251647854,1.0,0.02319929830736921,0.0,0.005167556723800575,8.98510479691552e-05,-0.3609,0.7383,0.3089
0.9480792440121673,0.11409171892429833,0.01,0.35031687152817825,0.029507140402811813,0.0,0.006735769177399591,0.9938891234470777,1.0,0.853845079609791,0.01,0.05998768341711061,0.1273836581990178,0.0,0.0,0.004045317721665737,0.5689200289674419,0.0,1.0,0.08390188918959354,0.6860395486645982,1.0,0.0,1.0,0.0,0.0,0.004497820074760802,0.9971829529388742,0.6826583761782133,0.9396195607381125,0.5338828535200457,0.0,0.0,0.1526741175155953,0.004361172994576013,0.01978312949574241,-0.4607,0.6394,0.6195
0.7169532259146574,0.30252800674640445,0.011458392639804275,0.29563017106823913,0.05421205726893793,0.0009803630866209397,0.0,1.0,0.504726103298244,0.9450530312307479,0.16475993856815302,0.01,0.03989532971127433,0.0,0.0,0.012612194153618205,0.36410632319769715,0.0,1.0,0.1477251346699503,0.37348982217190946,0.01,0.0,0.0,0.2492253964568757,0.9789351983532703,0.0,1.0,0.7242301710217321,1.0,0.5618516883616825,1.0,0.0,0.0,0.0,0.005772231901028447,-0.4405,0.7542,0.3129
0.6350928300789045,0.3390317081920843,0.01,0.28066486205365454,0.0,0.0,0.0,0.9980310249018871,0.8658560893855656,0.7189574297350897,0.27480550801249237,0.05588640067534904,0.2807599913429144,0.03939994815771662,0.0,0.0,0.8045498930807644,0.07660316628780428,0.9622167005468818,0.01,1.0,0.01,0.0,0.0,0.0,0.09901873640396752,0.09026321271103892,0.9840617996410875,0.7510023894651643,1.0,0.3346329488237599,0.8180394983782954,0.036033239032692975,0.0,0.022532356544422663,0.0005403226797352919,-0.4435,0.7095,0.3878
0.6106762996172924,0.2138392160390878,0.013319573825797468,0.2395716235618167,0.06291364576766151,0.0,0.0,0.9929926873886223,0.4975859810237203,0.9419024325835961,0.28108115041983117,0.01,0.3024072580868659,0.008083819330529596,0.0,0.0,0.9988326521911892,0.10673951459012664,0.9948528519980724,0.09757406190784114,0.8049886314968528,0.04835680466414865,0.0,0.0,0.0,0.08437425994977042,0.2167910872158763,0.01623893252651084,0.6645024681231972,1.0,0.36874756395623,1.0,0.012098319881475328,0.0,0.000666834683960355,0.0,-0.3523,0.7598,0.2789
0.6944825494994437,0.13280467238321314,0.010162722509217145,0.21723727135847182,0.08471156127693617,0.00016516825506047615,0.0,0.5672566934099652,0.6354354248267747,0.8085362721361471,0.053866825936000604,0.08582635030204008,0.15729348765740217,0.0,0.0,0.0,1.0,0.07501154542372779,0.9552124442780844,0.12362397523758172,0.33279762615808917,0.01,0.0,0.0,0.25305310975659534,0.11193693053147558,0.40899956256976894,0.03598053198463644,0.18294814184821914,1.0,0.2814129510541448,1.0,0.016756997748809423,0.0,0.001233466489941627,0.0,-0.3362,0.7699,0.2498
0.7887073324958341,0.18082147998933165,0.011498335062127997,0.27309876510000275,0.0835371343152541,0.0,0.00041089478304589123,1.0,0.5294947741560799,0.8978820079558166,0.49214576259192516,0.012341039845971983,0.1496269102367944,0.021108309788674645,0.0,0.0,0.527725478336135,0.15590488731067328,0.9987328630758513,0.11226394351292467,0.9511477977229341,0.23441275025486727,0.0008707597309068611,0.009108280097355152,0.0069801483794859065,0.14253569873678149,0.023240452408694663,0.9042194718808942,0.4437249239240133,1.0,0.5126605816635577,0.046477179498972794,0.001893941133250596,0.1913586319808003,0.002188473133235294,0.0,-0.4416,0.8497,0.2535
0.9843980031340049,0.3389444228735012,0.010222550922906042,0.3719631969302844,0.019209428734272064,2.9619355867787216e-05,0.00011758080279613691,0.9361883538380692,0.9103307999682565,0.8305061722984114,0.04342089962270255,0.02767154224968782,0.08098083739126015,0.002730764987909072,0.0012393480761919698,0.010204765716726164,0.5073343765986708,0.008880651399576124,0.972329788328211,0.07887245207854623,0.7494792845962671,0.9591196453513827,7.550697347648308e-05,0.9566219837634669,0.005193826200174473,0.019628315575584886,0.03914359384913175,0.9892655433886188,0.9828904907173794,0.8057351251057635,0.4464494710564685,0.03939202266626769,0.0018566571261800066,0.0002780090546382626,0.002533582516774218,0.00033872365863848666,-0.4726,0.7647,0.4393
0.9432547697474271,0.14051146976960704,0.01095958010467274,0.3559859279900916,0.06054814849986027,0.0,0.0009817266850538217,0.9997778214173708,0.9172840744322167,0.7709640828738028,0.0832851177247093,0.010136493802708138,0.12860023462128603,0.0,0.00011103718400599867,0.003918429346559298,0.3534560825270274,0.0,0.9884472960504948,0.09281587699242852,0.8204805414868707,0.9552016240898485,0.0003708049524938339,0.941425750614774,0.03147704872067856,0.0,0.0,0.9951670756890949,0.6543554428621661,0.9789077132302437,0.4714831378337657,0.0,0.0,0.0,0.003139679583760396,0.018751265310259484,-0.4716,0.7194,0.509
0.8684765594332657,1.0,0.01,0.24722746475392315,0.0965514494511693,0.0,0.0,0.9482245175047369,0.08585778665137152,1.0,0.51554822528449,0.01,0.17184166925357194,0.0,0.0,0.0,0.4338407055440708,0.2156291079280216,1.0,0.1858036899048113,0.8815824470072184,0.07645079000517131,0.0,0.0,0.0,0.0,0.8167296377746273,0.01,0.9174145678588337,0.9990077738903405,0.41852536449294664,0.38196063753681064,0.0003862100247239782,0.0,0.0,0.0,-0.2426,0.8394,0.1077
0.6107224608872399,0.2435985290338152,0.01657856247042438,0.24182201972932035,0.09752313967646611,0.0016207653374408868,0.0018388184664740194,1.0,0.33781830429533904,0.8788767514346503,0.19192148443227505,0.040225404062649496,0.32318579817852844,0.012626163346382162,0.0006409553854605527,0.00014515001888868533,0.9702463702819529,0.13520811811125427,0.9935556828290811,0.07005250907573321,0.9142901549419942,0.01,0.00016297172306837385,0.0,0.0011986271844538574,0.11799449613838384,0.14687930178319247,0.01,0.5146150845920509,1.0,0.39365574438291917,1.0,0.01719619211663532,0.0017605726925283172,0.004659752896571209,0.002673547973457281,-0.35,0.7298,0.3193
0.6091677656180754,0.18993616636147184,0.01,0.23705729175933477,0.05224922880378705,0.00036231892015488266,0.0,0.988033047950649,0.4611774256823139,0.9539489524886827,0.307239331171168,0.053952890694838294,0.3060633275988443,0.0,0.0006278966294581708,0.0,0.9959593170104123,0.10816607641305001,1.0,0.09331630572861296,0.807065233250369,0.01,3.062113058819623e-05,0.0,0.0,0.033838056655860704,0.2716432403172806,0.01,0.6522652611304601,1.0,0.3384166351718285,1.0,0.014192893253020167,0.00533049144101912,0.0,0.0,-0.4329,0.7464,0.2993
0.8114227194469735,0.010236687568366671,0.010083577334156211,0.26069668624803927,0.0014666907981528807,0.000718005850818784,0.688191095994438,0.9986644862365419,0.49592150943573365,0.05292461392968893,0.01,0.028295318686276577,0.9387653717239663,0.495068559990259,0.004958622146586938,0.590914508269679,0.962951561624182,0.0021643702675465826,0.9083784599194918,0.06653054937045114,0.9570878979053301,0.2101029315464903,0.009919514135706062,1.0,0.1494058779915544,0.18590174647145613,0.008614780227385023,1.0,0.4072770353503571,0.24180364435485008,0.6621448421874466,0.0,0.004491049070497595,0.9752054512489954,0.008187957494677078,0.08501505552181586,-0.4714,0.5499,0.8799
1.0,0.10725192837624624,0.01056065140567625,0.37471969443638975,0.021070481933854794,0.00020563066738048068,0.008199067554216967,1.0,1.0,0.8938118609722774,0.01,0.04347491137748496,0.09876911399691929,0.0,0.0037160146848756845,0.0037680759451623994,0.6130020114752188,0.000723536268837747,0.9921147747563879,0.0857373382548635,0.6925532418094771,1.0,0.0,1.0,0.0,0.0,0.007498045760162371,1.0,0.7433947054346731,0.8915570480696193,0.593345364406579,0.0,0.0,0.1930435784946738,0.0018579822159227825,0.02488049943625273,-0.4719,0.6333,0.6468
0.6097547037544606,0.9651530970422472,0.01332046488731607,0.23949794013240291,0.06642561451326942,1.889609073142069e-05,0.0,0.9921327400786872,0.4999622495598773,0.9459385182982938,0.2847168189559349,0.010475395721548314,0.29119758362223147,0.0,0.0,0.0,1.0,0.106728920766194,0.9945997241013301,0.09770849904724078,0.7994063896772678,0.0656870476802914,0.0,0.0010770232827832594,0.00023335790995066002,0.001367153083473929,0.21973067764093968,0.011686864896755387,0.6603179604520283,1.0,0.3681035877495225,0.9984221935967139,0.012200506524348302,0.0,0.0006872027801392965,0.0,-0.25,0.784,0.1998
0.6028774919542761,0.23673551866499024,1.0,0.2563275346717481,0.06906932735429769,0.0,0.0,0.0,0.5202729250569864,1.0,0.23876421202527665,0.01,0.035821194717283344,0.03020557006989286,0.0,0.0,0.7633370228026382,0.009293114991237871,0.9987576631497374,0.13578993718939908,0.7749406612858609,0.01,0.0,0.0,0.01194097078561526,0.0,0.32819314187812876,0.012002233926086714,0.15922895783977598,0.14993776174869072,0.6490354554406446,1.0,0.021005907468654567,0.0,0.0,0.0,-0.2375,0.9196,0.0394
0.6048326623845327,0.3360545401477004,0.011000357299027902,0.2931897330579532,0.019149583120895083,0.0012480239882447161,0.0006571386329659642,0.9998847786108053,0.9172181890023227,0.7424676895620872,0.29594480432430187,0.04277534971425961,0.2946528582075613,0.06661452143586415,0.0029429165358941284,6.749081944745257e-05,0.6940396170309089,0.001456466493755533,0.9811605539722624,0.031050190801507227,1.0,0.01,0.0010130962876541457,0.0,0.0,0.2267576195139946,0.02239344912486689,1.0,0.6428113158973592,0.9993937725489731,0.2385138116844343,0.7744022475537915,0.03955239383586445,0.002358601754266194,0.003015679639700246,0.015720884915342993,-0.4481,0.6975,0.4284
0.3274308201110539,0.44861079221078426,0.01,0.21997903790020581,0.08148744478845751,0.0004378427527260445,0.00018806672672984056,1.0,0.656583566726336,0.6711372918863977,0.4911408481902752,0.01,0.31603478669893703,0.11801288103055664,0.00346211376464983,0.0,0.16271366901620601,0.045698008611723615,0.9920367189545396,0.11858330911458383,0.8564023771683124,0.01,0.0008022479160976248,0.0,0.0,0.6825853829653464,0.3786190899259058,0.9570560631109081,0.12261487314556865,1.0,0.5013037767862542,0.9977771640029538,0.0067813855286471035,0.1737825050138593,0.0033598243487289116,0.0016481602165062791,-0.4569,0.7067,0.4294
0.7801601747593722,0.5318209050615116,0.010066269422416634,0.21804677807781633,0.08310737761944455,0.0006008030209846741,8.149129170854576e-05,0.725944237792674,0.592957470958575,0.898223430412526,0.11946193918983261,0.045403552016940664,0.12491415593959028,0.010926553552313305,4.3322966605449805e-05,3.0253040770755275e-05,0.9807397757286302,0.11932249865749055,1.0,0.06547368818941382,0.30679697238812664,0.01,0.0,0.0,0.16127441446992907,0.026642517796554584,0.38185336723703217,0.029928512054372847,0.8895705272476961,0.9998893697734389,0.9096854594510335,0.9906680185178008,0.007067508812768356,0.0008476154824362894,0.0,0.0,-0.2357,0.8089,0.1484
1.0,0.0646489410747113,0.01,0.36129509224549694,0.038270536216065305,0.0,0.0030357316913770145,0.988215595627646,1.0,0.894675947111345,0.01,0.03510094956544869,0.12376054619372653,0.0,0.0042011109637176015,0.0,0.4596453853026085,0.0,1.0,0.09874299857745503,0.791516960256418,1.0,0.0,1.0,0.002566450927933314,0.0,0.0,1.0,0.8295997430280064,0.9500529682656844,0.6348927220311718,0.0,0.0,0.14108744362515493,0.004566654696833161,0.0,-0.475,0.6418,0.6124
0.6492311495101069,0.3442960230281589,0.011070054994668696,0.2865283028769371,0.057428500787715275,0.004073327745799254,0.0,0.9998312508334184,0.7089364964262515,0.7747104030627823,0.25680225707824433,0.025851194244270615,0.26667458178712394,0.151722460350233,8.58732717460217e-05,0.0,0.7539432728898852,0.03319376572657519,0.9597153463942517,0.03998020281363058,0.9703743840255022,0.01,4.157870337949568e-05,0.0,0.0,0.1482824097756705,0.1388449922103877,0.8343342447287133,0.7189647266597949,0.9961754036914804,0.3853048073098044,0.790235918975642,0.003042366860762103,0.0002023165135936338,0.001392633006078794,0.000741858029479949,-0.4444,0.7358,0.3331
0.5279470645898833,0.3126060413190213,0.014586459757776737,0.2367708561159239,0.10795997275855314,0.0018027777143972286,0.0,0.9650892157981064,1.0,1.0,0.38803053030102314,0.018485827889523992,0.33614829945173075,0.08285558105439865,0.0012554412568961902,0.0,0.9966334486185846,0.0,0.9999918049921315,0.998221283996995,1.0,0.01,0.0017537007354704254,0.0,0.0,0.012027063190863338,0.2652634148947967,0.01,0.615411292066371,1.0,0.41391156983671773,0.8344616520602938,0.041330252987930756,0.0,0.002565230180080349,0.0,-0.3353,0.7592,0.2684
0.8912203394568677,0.2549986827607401,0.012738244500275817,0.37954004913965483,0.06325480106232832,0.0,0.005627877956321447,0.9493675221738467,0.9030038630024152,0.5107995087631977,0.01,0.039989571124608714,0.07795261626199382,0.8159041577975673,0.0,0.003603469870138868,0.3477328932620855,0.0,0.9822119252873766,0.06370725552839879,0.7920150181562675,1.0,0.0,0.9204437977842218,0.011623134034113138,0.0,0.02764094681661999,0.8699142576076154,0.7475525207676187,1.0,0.46290633340630805,0.0009978425823290987,0.0,0.0,0.0,0.015401619072124548,-0.4719,0.622,0.6652
0.4040554314624335,0.3423869741863038,0.01,0.2103707368357789,0.019798912603289046,8.174582705138651e-05,0.00010654446864674259,1.0,0.7205276882009787,0.8409963637947298,0.5679925461907009,0.04666511091358285,0.3147858830260832,0.033940921599114895,0.00025592961947207635,0.0,0.18305495698935176,0.04301270380738216,1.0,0.6137977050502056,1.0,0.13892191346167296,0.00011316536646521555,0.0009647953313900101,0.0,0.6439792298837952,0.4786916663875376,1.0,0.10335564837512387,1.0,0.5249377987929352,0.8862754715853163,0.0033852363538677223,0.19906658616038608,0.0003466951281836258,0.000890755900299746,-0.4573,0.7194,0.4071
0.7545424785655801,0.18235102686429047,0.015286415888868326,0.26630749269619003,0.05278574643759445,2.907004883670144e-06,0.00011226475956765711,1.0,0.5141214826684959,0.8475079412816351,0.46526568195921314,0.02066889544059161,0.010026109552517773,0.0,5.0141376082932666e-06,0.0,0.167986729739184,0.0,0.9975015719086966,0.10775165510633374,0.4217014130208431,0.01,0.0025256942038318127,0.0,0.11330987627480976,0.15591066944723578,0.0,0.8029346731227779,0.272000763190061,0.9849465066031834,0.4520671199977129,0.9056226282185232,0.008396183535141466,0.1889021783198373,0.0034617032783267098,0.012904577171200254,-0.4538,0.755,0.3636
0.7442542992644429,0.29586740599923045,0.01305561004122295,0.30367833781201337,0.07606086479557468,0.00013436726109324602,0.0,1.0,0.40235980980787617,0.759803270985116,0.04498277936845882,0.024181163968484413,0.26255077065323656,0.0,0.00015919108138622587,0.0,0.9966113669324261,0.1660411174878709,0.9924712217841763,0.14471800100321602,0.9016779227693005,0.01,2.0983357055267228e-05,0.0,0.009855380553230191,0.5807460772862877,0.12890248687311565,0.01611171072058743,0.7970113707755866,1.0,0.4450603484536692,1.0,0.004286871491737706,0.0,0.002802728879442842,0.0,-0.3609,0.7186,0.3374
0.8708795611813152,0.21013676575902626,0.01,0.3659191436881778,0.019447188906501132,0.0,0.0,1.0,1.0,0.846331187556555,0.01,0.07090515407004813,0.10258566523314708,0.0,0.0,0.0,0.4781132975439907,0.0,1.0,0.07631630882839899,0.8020150932399381,1.0,0.0,1.0,0.015511288684956704,0.0,0.0,1.0,0.9606428418012531,1.0,0.4271296146904661,0.0,0.0,0.0,0.00954012094405409,0.023136248459657376,-0.4716,0.6679,0.5651
0.9420526077943766,0.12949259661328988,0.010210249629053366,0.3485858227066896,0.03626544520137239,7.845233724985397e-05,0.0060729123504726,0.9882809038638496,0.9803048134472352,0.8385065877208164,0.01,0.05778512179072944,0.12289316036214706,0.0,0.0,0.8931547785049633,0.5723924441181097,0.0,0.9962295271560416,0.08866241398059546,0.9864853141870638,1.0,8.322882252431118e-06,1.0,0.0007196349561716432,0.0,0.012872927645320675,0.9443445973644163,0.6708370607650791,0.9362488014322055,0.5258683984471768,0.0,0.00044836533829505467,0.0,0.004179243054057199,0.018096001410105554,-0.4675,0.6596,0.5573
0.7152459469266979,0.3042246562945764,0.01,0.29213521547267757,0.07282038981414893,0.0005361927915497151,0.0,0.9379682623961938,0.038170077646401096,0.8548977657995983,0.7751108598773045,0.01,0.01,0.0,0.0,0.0,1.0,0.0035433156800438598,0.9846439386421547,0.04763461120798504,0.032587948207131706,0.17513942672588817,0.0,0.0,0.0,1.0,0.08081663959073693,0.01,0.2625470036661873,1.0,0.2557220698229574,0.8463289437807184,0.0,0.0,0.0,0.0,-0.3185,0.8775,0.0937
0.7465748876804046,0.3849279132085391,0.010743007269338975,0.32993530554087563,0.06623250230101109,0.0003020980632997298,0.0005037226905867346,0.9947468671082289,0.7147263006252246,0.8397123599676702,0.24359106322470772,0.01007405278479977,0.024065171631310438,0.01898183355103671,0.000846478084935603,0.0,0.5545106225130043,0.0015554124625207968,0.998651404452159,0.10581309878735243,0.5170002063082272,0.01,2.7808733422111396e-05,0.0,0.06996173815179031,0.24575555120728806,0.10998214327997861,0.8270624089826998,0.8050241762957648,1.0,0.422230962588716,0.8785111432524773,0.0011498271828888104,0.0028120027318950516,0.000290170180746171,0.0012573075880816483,-0.4379,0.7945,0.2685
0.5619013088831404,0.34516996420170526,0.010407839990211557,0.29182913749992534,0.0,0.0016409930501361377,0.0008726063998066016,1.0,0.9866557784457213,0.6624287722452042,0.2793117204617837,0.1358322911222909,0.33395006906563224,0.08664536957426394,7.07152039910368e-05,0.0013868227713870669,0.7171336057515679,0.127712570702783,0.9794718124113988,0.01,1.0,0.01,0.0013785061251442776,0.0,0.0,0.2183885775374387,0.15447235522937508,1.0,0.8009624796201359,0.9927814543013808,0.1903537421374796,0.9066869667508396,0.04466824486851596,0.0030246206658641715,0.013399644990777514,0.0,-0.4426,0.6698,0.5166
0.7887073324958341,0.18082147998933165,0.011498335062127997,0.27309876510000275,0.0835371343152541,0.0,0.00041089478304589123,1.0,0.5294947741560799,0.8978820079558166,0.49214576259192516,0.012341039845971983,0.1496269102367944,0.04139937950330772,0.0,0.0,0.527725478336135,0.15590488731067328,0.9987328630758513,0.11226394351292467,0.9511477977229341,0.23441275025486727,0.0008707597309068611,0.009108280097355152,0.0069801483794859065,0.14253569873678149,0.023240452408694663,0.9042194718808942,0.2231523975318187,1.0,0.5126605816635577,0.046477179498972794,0.001893941133250596,0.1913586319808003,0.002188473133235294,0.0,-0.4395,0.8487,0.2486
0.8857770876576722,0.2337912300272009,0.01,0.3934105274941178,0.07801064079670773,0.001897330607746695,0.0,0.9995048751523201,1.0,0.7398108275045912,0.03368214655589372,0.01,0.11128218701572064,0.9883725196922523,0.0,0.0,0.28830348600215305,0.0,0.984043462523573,0.07487449236749952,0.5328486128791707,1.0,0.0017819720194677772,1.0,0.015661528453075398,0.4937748940414225,0.0,0.9748145302780329,0.9628882888199036,1.0,0.5866339078541652,0.0,0.0,0.0,0.0007902530274366442,0.03140613593358479,-0.4719,0.5687,0.7168
0.46591822815780487,1.0,0.01,0.01,0.10179961436824445,9.362434923745724e-05,0.0,1.0,0.0,0.9895556019381385,0.5468255989789876,0.01,0.20306478521508695,0.0,0.0,0.0,0.40802229299683906,0.27982592351042684,0.972820606509161,0.29823511203193304,0.9232116283345124,0.01,0.0,0.0,0.0,0.15390128812605253,0.9578498561029181,0.01,1.0,0.9947078614751647,0.40945577800933625,0.4760312030142947,0.0,0.0,0.0,0.0,-0.2413,0.8295,0.1254
1.0,0.1854378539818234,0.010968752631090348,0.4142107372489583,0.008269551913905238,0.0002241580106710295,0.00017415308245248963,1.0,0.9510389433525279,0.7717964800861842,0.01,0.03538101605481049,0.11904871541354976,0.0,0.0003057669510463371,0.003944763914737879,0.6954096402976909,0.0,0.9999947415757986,0.05303176281716251,0.7810527289545055,1.0,9.205999612516942e-05,1.0,0.0,0.0,0.0,1.0,0.8665169161963677,0.8062271510076422,0.5105280567023851,0.0,0.0011912437685623,0.00702236222176806,0.005497181997974275,0.00014579518277357595,-0.4629,0.6492,0.5958
0.6048326623845327,0.3360545401477004,0.011000357299027902,0.2931897330579532,0.019149583120895083,0.0012480239882447161,0.0006571386329659642,0.9998847786108053,0.9172181890023227,0.5127747939323948,0.29594480432430187,0.04277534971425961,0.2946528582075613,0.06661452143586415,0.0029429165358941284,6.749081944745257e-05,0.6940396170309089,0.001456466493755533,0.9811605539722624,0.031050190801507227,1.0,0.01,0.0010130962876541457,0.0,0.0,0.2267576195139946,0.02239344912486689,1.0,0.6428113158973592,0.9993937725489731,0.2385138116844343,0.7744022475537915,0.03955239383586445,0.002358601754266194,0.003015679639700246,0.015720884915342993,-0.4473,0.6876,0.448
0.6050490473146384,0.323734463179877,0.015755856695973344,0.2701545566553568,0.12616663333910272,0.0,0.0,1.0,0.5876611560950347,1.0,0.2416361834469048,0.010080482311679913,0.24886553107397436,0.042640725377151446,0.000723595596027005,0.0004999335252403706,1.0,5.445243956545855e-06,0.9962956122291268,0.1167749045600548,0.9896613898020538,0.01,0.0,0.0,0.00030116219838946116,9.696383901374174e-05,0.3019980727017656,0.01,0.5784520265805656,1.0,0.5385127566561136,0.853283931059692,0.013226161824229655,0.01602177616763167,0.0,0.00023361326115698216,-0.3523,0.7758,0.254
0.5925498673404125,0.3323107604127984,0.015382069005669356,0.2559508258671645,0.019429757255681836,0.0,8.704306166173423e-05,0.9296383252036671,1.0,0.8534964046993565,0.586498458276484,0.0173129817712621,0.18631680941429732,0.13603417494319575,0.003161873684314191,0.0008078099440518776,0.8588324884516597,0.0,0.9488042609973549,0.13141740880706754,0.20933287860583008,0.3064622930219542,7.569638888522109e-05,0.003643722216287837,0.36531575045924214,0.004196090492094125,0.0010248888089346854,0.3184509060598097,0.738285727115747,1.0,0.6780287036356356,0.0,0.0,0.001309026690357828,0.0006229343909533898,0.0,-0.3611,0.8443,0.1715
0.5825819629991867,0.2423607010432281,1.0,0.24941021543281502,0.08493434232891116,0.0,0.00020144680985412133,0.0,0.3783361343715301,0.9299532543488906,0.23491163060220305,0.01,0.047938580743532834,0.036730397727225174,0.0,0.0,0.8285303364575535,0.0009214975006917583,1.0,0.1480881967661058,0.741985739450334,0.01,0.0,0.0,0.03185569486118467,0.0064597769361137885,0.30193701268028583,0.051989182835405864,0.1535772267859597,0.13140972235544612,0.646910613500599,1.0,0.023466607525485902,0.0,0.0,0.0,-0.2372,0.8674,0.0677
0.6329112431713224,0.427103176170156,0.012330944005992083,0.31044685612257306,0.0676122362890021,0.0012416040512781255,9.813418632440143e-05,1.0,0.3886135702789255,0.7664400070673276,0.022515037082169957,0.01,0.2687622062378958,0.07321505762404691,0.002255426639948276,0.0,1.0,0.1797778618823662,0.9741018235814833,0.5422788927965515,0.8764525995395268,0.01,0.0014318169382141074,0.0,0.0,0.48260471690294654,0.2947787161046854,0.037428294161201525,0.7890113986619579,1.0,0.4992314614091346,1.0,0.008218204138979134,0.0,0.007848292889769761,0.0,-0.4329,0.7174,0.3418
0.7696371917018421,0.1936739488289463,0.011587310091486076,0.2737539886758245,0.08246056036074785,1.8078670647843485e-05,0.00041636747950645863,1.0,0.5376333921331641,0.8943873501492227,0.5037039736346463,0.07035108450769276,0.16001388820701978,0.04056373437660488,2.7543319309551175e-05,1.9575883884956947e-05,0.4866866454065703,0.15240614392620438,1.0,0.1368352049665681,0.9893958100402861,0.2442227008076419,0.0008626358749018748,0.016147002617013816,0.0,0.1435511858658983,0.027353120364539057,0.9455211353130626,0.19116241216998903,1.0,0.5176372083600662,0.05269600316164885,0.001848769155253934,0.19814241242107172,0.002361507808510209,3.6545937044759586e-05,-0.4427,0.8297,0.2788
1.0,0.33708360258653725,0.01,0.42995565836963207,0.06454477619267557,3.52361618152904e-05,0.0,1.0,1.0,0.7767581831635157,0.01,0.01943653459866277,0.11586241722129689,0.0,0.0013392336585594182,0.0,0.6304855600970711,0.0015382420077593977,0.9912075327148899,0.033532757010805415,0.8591060115487654,1.0,0.0,1.0,0.0,0.0,0.0,1.0,0.7978084232966377,0.9685755196535654,0.5101201801364496,0.0,0.008092916227808573,0.0,0.008290702580814137,0.0,-0.4716,0.7002,0.5167
0.8110559966889322,0.7123455213148835,0.01,0.18190910803297103,0.07098572599094245,0.0,0.0,0.6625485924535908,0.6852018497093837,0.7782647722808518,0.05408661392320104,0.04384687777373523,0.013564752881151162,1.201026538297928e-05,0.0007692935895548265,1.4129871509400216e-05,0.8858797387949379,0.15335089779494832,1.0,0.06840169732118578,0.19757036050672025,0.01,0.00023461074888917737,0.0,0.17215367742861443,0.22093661777218376,0.5197876264593061,0.18005332823027656,1.0,1.0,0.9727219712062173,1.0,0.008721940316963783,0.0016860145698991162,0.0,0.004092431448104556,-0.2372,0.8584,0.0775
0.7169874187609925,0.18839620814035493,0.011656816060677908,0.23676873416481742,0.08378645974924624,0.0,0.00014420549712739508,0.5955643436382133,0.6881554274275735,0.7996732513977903,0.07379795829679515,0.08323701409454118,0.12568397292257646,0.00378793142405329,0.0,0.0030104002604731464,1.0,0.06759083273400092,0.9222287006710271,0.13342050977304695,0.34888481904317514,0.015225728168812678,0.0,0.008819655487956638,0.22483184037263218,0.5921603682393691,0.3991758425188718,0.01,0.7617547078462497,0.9735135772060323,0.3528320021953483,0.9842311317833433,0.0159116206596592,0.0,0.0,0.0007486854568489054,-0.3362,0.7799,0.2293
0.5023827871515609,0.5080106481473999,0.01,0.04859700525202166,0.09996135053939585,3.9790517090371456e-06,0.0005059248523732325,1.0,0.1073237884570782,0.9941146406391925,0.5703701455120013,0.01,0.1412963704545148,0.0014979539923596437,5.468968432636213e-06,0.0,0.4101759644390836,0.1725861446309583,0.9886088224062587,0.21270647623809055,0.9896771282383895,0.2073935562600566,5.6416134020119286e-08,0.0,8.36020304354557e-05,0.0023716416210813026,0.08429137711636896,0.05125399167331837,0.9990879254129033,0.9994919531776048,0.4072137294635998,0.005464403592288803,0.000195842737129572,0.000429181684717143,9.310291056725559e-05,0.0,-0.2426,0.8558,0.0892
0.6949897666060889,0.31552074014403175,0.010139479829277154,0.31438270698601606,0.023384697312415593,0.003960730478486245,0.0,0.9988934456457307,0.9485531310715782,0.7617231853797064,0.09706322367877031,0.09134900537473074,0.31308208884755423,0.15631167949476552,0.00018219050303834851,0.002721911831665821,0.6540462075636521,0.0995318065275465,0.9685433151341524,0.0658529315941542,1.0,0.3073262935678278,3.2167005937998295e-06,0.13901122315164638,0.0,0.13929280882601516,0.0,1.0,0.7342974367635983,0.9344198546875999,0.30097646573770886,0.7086541505872781,0.028799473625029836,0.0,0.002701918921102345,0.0,-0.4522,0.678,0.5071
0.794566497641623,0.1678931968805632,0.011532936540560007,0.27067945112201974,0.0823755010643797,0.0,0.00037513816907694934,1.0,0.5223670107411834,0.9060626158280423,0.5238608266039063,0.01,0.14635895044186742,0.042742707736988655,0.0,0.0,0.5223205704130562,0.16335545507389657,1.0,0.1097208316759049,0.9686570782458845,0.2177185809661796,0.0009360302273953322,0.0,0.004621526204093654,0.13092509653414583,0.0068778115121730255,0.9337051593011498,0.18600243592345359,1.0,0.5190258636809636,0.0007484804221484369,0.0015049754472278784,0.20568455569127528,0.002199192665361654,0.0,-0.4435,0.8593,0.2392
0.9797720698409916,0.1251965377085028,0.010052517621277917,0.37425105738950326,0.0,0.0,0.0036673193817402766,0.9974914106243384,0.8280007417384017,0.7393122894294156,0.050049932134070205,0.03656185529871151,0.11487715415493771,0.9588532002161598,0.0003093415626263334,0.006260945875951324,0.3267083589853352,0.0,0.98057678583606,0.05455587727727513,0.40560238960854017,1.0,0.0023895158812316793,1.0,0.049414385419336904,0.15912500423730394,0.002782193748653433,0.8637306156350532,0.6358589428101892,0.9960816387951567,0.01,0.0,0.00199226896718311,0.004225514808011153,0.0005199358228470315,0.0047574741528588985,-0.4719,0.5884,0.6972
0.7333301457972231,0.3548152817718559,0.016098700404001413,0.3010284608652599,0.08663193578453848,0.0004233249461388653,0.0,0.01191497128734248,0.23102066745005237,0.810552390458247,0.025905396773218542,0.025761688553505527,0.2310939699325587,0.01022402945699752,4.860253400243718e-05,0.00036033171534574475,0.9998482111355464,0.1999170218876502,1.0,0.1350824387066178,0.35164855266298606,0.010236525057197972,1.0707477657367094e-05,0.0,0.014504371591277007,0.6850460609448199,0.8878496962326188,0.01,0.24044902415637923,0.9707230514549072,0.3474319183745232,0.9774017833300249,0.0,0.0,4.823549306529203e-05,0.0,-0.2488,0.7658,0.2375
0.6775222132489427,0.29690145212308666,0.01,0.28440995958682874,0.0,0.0,0.00019924634725400223,0.9923182311613724,0.8504096004773917,0.6830282948876593,0.2162014671845763,0.056087251896681345,0.23347360768090505,0.00890300818590365,0.017614653285436925,0.0,0.8192730394236913,0.07231782292111781,0.9760374821762818,0.01,0.895846787520183,0.07915953637449902,0.0,0.04335039446325805,0.022063603336091125,0.15198395505156165,0.05198062814597189,0.8097038816203435,0.7905214791311824,1.0,0.3533330845084327,0.7690229022421178,0.030960768250460936,0.0,0.021902889657623884,0.0065572655419455774,-0.4524,0.7251,0.3856
0.7801601747593722,0.5318209050615116,0.010066269422416634,0.21804677807781633,0.08310737761944455,0.0006008030209846741,8.149129170854576e-05,0.725944237792674,0.592957470958575,0.898223430412526,0.11946193918983261,0.045403552016940664,0.12491415593959028,0.010926553552313305,4.3322966605449805e-05,3.0253040770755275e-05,0.9807397757286302,0.11932249865749055,1.0,0.06547368818941382,0.30679697238812664,0.8955180254940683,0.0,0.0,0.16127441446992907,0.026642517796554584,0.38185336723703217,0.029928512054372847,0.8895705272476961,0.9998893697734389,0.9096854594510335,0.9906680185178008,0.007067508812768356,0.0008476154824362894,0.0,0.0,-0.3147,0.8095,0.1696
0.9223133768389347,0.2355233674321628,0.013725364879348752,0.2982665438686896,0.007706235730119034,0.0006733468403162378,0.0,1.0,1.0,0.8628655496458335,0.5737666489894864,0.06283926102732187,0.19907931470115325,0.21192196829144175,0.0,0.0,0.9259906935618042,0.0,0.9629843588068773,0.07910023833807882,0.32567459581477504,0.01,0.0,0.0,0.5616193550083831,0.4788579303119008,0.0,0.01,0.6815925140569026,1.0,0.6348174236222942,0.0,0.0,0.0,0.0,0.0,-0.35,0.8078,0.1778
0.6106762996172924,0.2138392160390878,0.013319573825797468,0.2395716235618167,0.06291364576766151,0.0,0.0,0.9929926873886223,0.4975859810237203,0.9419024325835961,0.08409348035559372,0.01,0.3024072580868659,0.008083819330529596,0.0,0.0,0.9988326521911892,0.10673951459012664,0.9948528519980724,0.09757406190784114,0.8049886314968528,0.04835680466414865,0.0,0.0,0.0,0.08437425994977042,0.2167910872158763,0.01623893252651084,0.6645024681231972,1.0,0.36874756395623,1.0,0.5248532305762296,0.0,0.000666834683960355,0.0,-0.4437,0.7255,0.346
0.50295251320477,0.8166539698137585,0.011550898212499801,0.22031319840328373,0.11431817520919718,0.0008196943644777013,0.0,0.399052701517719,0.17388518504980857,0.9700163918664413,0.5491238853975888,0.036205266632220186,0.21515278113262706,0.12640172565684876,0.00149382550032352,0.0005245876554415943,0.5336171861991581,0.16596753974737485,0.9857532348898155,0.21756273743939775,0.35934593224461564,0.01,0.0004082933964333693,0.0,0.015875578180571653,0.7859482530917075,0.7428890783525951,0.024869060645324355,0.8565366943880371,1.0,0.4028254197786136,1.0,0.010577905785351414,0.0,0.002147255732044588,0.0,-0.2413,0.8164,0.1462
0.5707831653771126,0.24837287097354555,1.0,0.2449586346518003,0.08620240198991605,0.0,0.00010578758972690511,0.0,0.3580329134942781,0.9311728519541757,0.24692794065694432,0.01,0.04300841228646575,0.9680242283828414,0.0,0.0,0.831390839999424,0.0,0.9995561191469436,0.1529179518150335,0.7533177829127679,0.01,0.0,0.0,0.02820121102416392,0.008586556337461002,0.31725857482506203,0.035933321467772485,0.14437396356009086,0.11402066160977775,0.6428934494373961,1.0,0.02394214351673964,0.0,2.0051524473248727e-05,0.0,-0.2426,0.8784,0.059
0.49726379805051935,0.4438802750202832,0.01,0.18704815992043158,0.1603396106114912,0.0,0.0,0.0,0.44758505604702314,0.9990452466593511,0.01,0.01,0.01,0.21549624263131362,0.0,0.0,1.0,0.1147255552925391,0.9987489852957027,0.09545607055581903,0.8429721888819491,0.01,0.0,0.0,0.0,0.0,0.8451202515495483,0.01,0.8282024937227251,0.9981318535669144,0.46663606799758917,0.10133664162307088,0.009894380964592933,0.0,0.0,0.0,-0.2375,0.9323,0.0277
0.8619586512740547,0.5146439709622893,0.01,0.2183045764384586,0.08036496591527777,0.0004129153110208713,0.000118996505002845,0.7833722742879453,0.5848753278741473,0.9051341995795434,0.12550554972057906,0.05122563195902997,0.10985772127228195,0.0,0.0,0.0,0.8916796303025935,0.09422925650837027,1.0,0.07676507727078954,0.2579189398147306,0.01,0.0,0.0,0.21256007423572804,0.15041784090879357,0.3068168846489646,0.01,1.0,1.0,0.9265859721721886,0.7893171861166646,0.0037621365764231676,0.0,0.00046927528517400237,0.00011907276681983811,-0.2357,0.8155,0.1394
0.5920487583444052,1.0,0.011651217925650135,0.23791600636046786,0.06981816788098114,0.0,0.0,0.9537047179130405,0.42421854099190087,0.9098936227899637,0.2717877956222684,0.01,0.30464992121949336,0.1260321927211022,0.0,0.0,1.0,0.12165479459832729,0.9864049212852908,0.0786765693443248,0.8512899840322329,0.01,4.283987486632067e-06,0.0,0.0,0.0076861458074557075,0.2384315937685045,0.01,0.01,0.9691054963695205,0.33419218178893534,1.0,0.015517726435918087,0.0,0.00011459326445065422,0.0,-0.2533,0.7761,0.2159
0.9856588204650211,0.3417547805329286,0.01,0.36475296309055444,0.024325505922061893,0.0,0.0,0.970543921377358,0.9226467928350484,0.8132031168844086,0.05877540356247894,0.029814555892780856,0.08848618676807135,0.0,0.0005408945825957656,0.0,0.28989071543099515,0.0,0.9653219550898628,0.061867098199675244,0.706438826562041,0.973349884425863,0.0,0.9725634391757976,0.0112810789044903,0.0,0.650318691410347,0.9746503397724606,0.9761606612959508,0.7998626079034944,0.4942646644742346,0.0,0.0007381106466011904,0.0,0.002899196529181358,0.0006723035329336077,-0.4701,0.7864,0.3929
0.4964744316476758,0.502510934673242,0.010118096836413352,0.04991808677220677,0.09818185878978272,8.222311213182041e-06,0.00048641928069848115,0.9994981715231911,0.11630116792283152,0.9882759581129458,0.5670842478606317,0.012891490393722813,0.1540341536803583,0.0,0.0,0.0,0.42891755461480596,0.17540913645109787,0.9909804031720832,0.20294852170652597,0.9898398327453131,0.1819226010779357,0.0,0.0,0.0015108432473352846,0.014345540176176761,0.09251738813655451,0.06965442253664653,1.0,1.0,0.4104609205380122,0.011156613868785234,0.0,0.0,0.00017452159128360828,0.0,-0.2426,0.8467,0.0982
0.8577354871731323,0.01,0.010903221711368476,0.24312809423221948,0.0005748950952162435,0.0,0.027956937157511245,0.9948189691260314,0.6270778935258542,0.9883092749290027,0.4958565557519077,0.014451545933438045,0.9633829577735546,0.40391447819704057,0.028323501528522328,0.6025683928894803,0.8528861401845992,0.0012862633987604354,0.8440697986566759,0.7766021257743443,0.9487547879619865,0.4192437576674923,0.008825591720649392,1.0,0.2016029031728044,0.5808413560050264,0.05112576255339569,1.0,0.3136760792271487,0.2050574425510021,0.6512198231545397,0.0,0.0005681608287671004,0.253651840672195,0.0,0.07143072824172121,-0.5438,0.6116,0.8188
0.9720133556757614,0.3245597340667843,0.01,0.39358653440327224,0.05535010188451355,0.00028518324272941913,0.0,0.9987870107595475,1.0,0.6909740246849455,0.054437974908397656,0.02419633534220401,0.15570299898944961,0.0,3.484147609845389e-05,0.0011570294961138572,0.822002652946642,0.0,0.9895781728833076,0.06344109873447756,0.7899367884458955,1.0,0.0,0.957375132824083,0.0,0.0,0.0,1.0,0.6925285048564969,0.9610955910753538,0.5249723321023225,0.0,0.0,0.0,0.006963716336279129,0.0,-0.4633,0.6885,0.5025
0.8719087445266615,0.01,0.02540040835063831,0.2806684164363851,0.0,0.0003397921913455333,0.017705725705705312,0.9263006544634966,0.6666540912399964,0.01,0.01,0.014032603378095289,0.9562135037868386,0.5354489677000338,0.001616570500659016,0.6259605007063813,0.9747717567449633,0.002155031786829492,0.9392819668436617,0.0632228136752332,1.0,0.2730547929803848,7.017228627951728e-05,1.0,0.17726290692093807,0.12074120688386024,0.0,0.9525686304162955,0.3131246849289162,0.13999005075786755,0.7118341393884065,0.026251446775351645,0.0,1.0,0.0007981637151194563,0.0,-0.4662,0.5581,0.8317
0.9420403377389349,0.26186550967139294,0.01,0.3913988166129411,0.06160267145165864,0.0002870456556299118,0.0,0.9943267757032661,1.0,0.6868718353844228,0.03249245659355346,0.023907906434556033,0.1556947234093868,0.0010727581828532742,2.901029788988894e-05,0.0010694741207067729,0.6700031887760851,0.0,0.989960231377069,0.05040630562309613,0.7693540277276051,1.0,0.0,0.922927874304148,0.004197742290950771,0.00040752520847618006,0.0,1.0,0.7700379996000756,0.963041351474817,0.5278366375774438,0.0,0.000584465515746905,0.0002264108753685428,0.006975377740346721,0.0,-0.4688,0.6757,0.5253
0.8757492219232974,0.22345564726510667,0.01,0.36608055724403343,0.0672109583812841,0.0,0.002171629670292457,0.9754058805280852,0.9555103354298972,0.535829395791894,0.03357448027169154,0.016881245726291478,0.07892168408458786,0.902865752315985,0.0,0.0,0.3038704374072716,0.0,0.9826800484007533,0.06669940979738617,0.757498278707893,1.0,0.0,0.966830021192016,0.0,0.0,0.0,0.9328323124414237,0.7773638776041364,1.0,0.49998337347446614,0.0,0.0,0.0,0.0,0.0,-0.4719,0.6084,0.6716
0.5806983968480578,0.31904942808863945,0.010058149949195457,0.28419464290338065,0.013299607010971283,0.0001228494285808454,5.397237624666764e-05,1.0,0.9960808556064199,0.8087068807852633,0.5715083981806497,0.08888324173009687,0.6851140151826595,0.1887523291154701,0.0014176592006588053,0.0,0.8420149648542176,0.002929871661738798,0.9749528187985602,0.060795453965043544,0.265189554541318,0.01,0.00011212620931824303,0.0,0.3079575941637735,0.2677752810155495,0.09794584781173221,1.0,0.6890326066431937,0.9997671597487969,0.6109570748776983,0.0022913278531779247,0.0015220144380339922,0.0009323962445284529,0.0018227929356316916,0.0010118385611666801,-0.4611,0.8335,0.3083
0.6281202629732879,0.3829858881379995,0.011522833012384662,0.2972926731045263,0.06804644480072142,0.0012868670735106458,0.00010114278106229243,1.0,0.40740544514566074,0.7739938273758358,0.02253575335163684,0.018479588979691867,0.23844199351763393,0.06891281506579362,0.0022922802566596604,0.00031609739542975924,0.9829579372840793,0.15729758648600256,0.9642831730701173,0.5386393694599121,0.8527222034681051,0.01,0.0014310927296544028,0.0,0.03951885990068122,0.5085992920990771,0.2628326104161903,0.017551572571050857,0.8177871142158865,0.9952786892632495,0.4930243779737828,0.9999773883853225,0.009922934316558421,0.0,0.00792013802114208,0.0,-0.4329,0.7295,0.3293
0.6096401151314185,0.3228239405452885,0.014581949301551145,0.2712673553959182,0.09704622373381652,0.0,0.0,1.0,0.2702961816418289,0.9707187666913308,0.21733829320089643,0.025574647113930125,0.2744422906205447,0.06145096599655039,0.0,0.0,1.0,0.00630968920218072,0.9813934232453358,0.10138638927768251,0.9902390317923677,0.01,0.0,0.0,0.0,0.0,0.23447340427406843,0.01,0.09822903576815084,0.6485624587806849,0.4317768920368856,0.8359595109169823,0.015681771141997244,0.0,0.0,0.0,-0.351,0.7628,0.2687
0.46802394750958987,1.0,0.012420980442911695,0.25525510934827017,0.10309799096711639,0.0,0.0,0.2960883382326005,0.2539598630804601,0.9879428923582562,0.6748662040059041,0.011727614686772884,0.01,0.0,0.0005004996187387187,0.0,0.20950639300832247,0.018150330547559063,0.11824240369681324,0.44930491136603634,0.9591595382012844,0.25840986282716283,0.0014205195869799465,0.0,0.0,0.0,0.07850046341272547,0.05853462412097821,0.7202497245942437,0.6638190941172231,0.6270296298116175,0.45786310993082335,0.0007806029629530095,0.0,0.0008069425630651753,0.0,-0.2375,0.9693,0.0185
0.6103548252968877,0.2353996991267175,0.01,0.23018107417396932,0.11744314993376681,0.002220884365843125,0.0016451579017037268,1.0,0.17787846144694755,0.9093296160396172,0.16431158535056722,0.011514040401356496,0.3326205108382004,0.0,0.0005086530495615043,0.0,1.0,0.11249072580473571,0.9906030466343057,0.23232144697157703,1.0,0.01,0.0003816141188980741,0.0,0.0,0.06185378126802409,0.1554906693610075,0.01635542914565912,0.43268993788661364,1.0,0.42638555305681064,1.0,0.012445426077932259,0.0,0.003889401688555381,0.0014045058460045723,-0.322,0.7372,0.2946
0.638032633642605,0.4969428989132093,0.011054925034569908,0.3124658222550336,0.11493077591524914,0.003014911805145738,0.0,0.7614121346866802,0.3673825732712357,0.8712665342113275,0.31683416388004093,0.01,0.01,0.0,0.0,0.0,0.2879904178234394,0.4419931868188999,0.8982449892224152,0.0778466422679579,0.14495430632295103,0.14247847606020012,0.0,0.0,0.07674459308317368,1.0,0.23534859465115296,0.01,0.6257109779688828,1.0,0.18383004838457098,1.0,0.0,0.0,0.0018236950138751588,0.0,-0.3208,0.8839,0.0845
1.0,0.3486517340692959,0.01,0.37348873667250987,0.02316353628399581,0.0,0.0,0.9794167419089463,0.9240829520270377,0.8325317386368357,0.05722629028239113,0.01,0.08281185529358229,0.0037259775635095777,0.0,0.0022734604871014197,0.4707454066141287,0.0,0.9614332989618786,0.07274734571946168,0.7023344675641194,1.0,0.0,1.0,0.0,0.0,0.0,1.0,1.0,0.562872614940366,0.18169676054774242,0.0,0.0,0.0,0.0019528953227497228,0.0,-0.4716,0.7765,0.4066
0.6826794909326762,0.31569330499896825,0.010094234813532563,0.3189870971844939,0.0020366951693398627,0.004300590412798772,0.0,1.0,0.955132941639975,0.7675259838431807,0.09942690154230663,0.09564875365725664,0.32112196132519977,0.16513427644221473,0.00012060607644014484,0.0,0.6648662690703783,0.10630726853934798,0.967106542529538,0.06216315392978236,1.0,0.3148604990224428,0.0,0.11960794215688297,0.0,0.1251516698524613,0.5091621724081534,0.9892647342009621,0.716675814819871,0.9386027183452518,0.2869731353669076,0.7345621116041753,0.03083846805216638,0.0,0.0026583978292893367,0.0,-0.4522,0.6696,0.527
0.6835081709382643,0.7647822169458453,0.01,0.19650185943829585,0.09525562085414438,8.400419573734963e-05,0.0,0.5801679233035381,0.6070396302676477,0.8419429492490016,0.03313332220296791,0.06841098560221638,0.10963873198882017,0.0,0.0,0.0,1.0,0.10615751150310976,1.0,0.018459480168049405,0.28567727437755736,0.0881040858964212,0.0,0.0,0.1415726145924328,0.0,0.3328359842815458,0.01,0.5440066989008353,0.9956131919571419,0.013776322327036485,1.0,0.0048223545054719985,0.0,0.0006283964723129998,0.0038818918134871146,-0.2357,0.797,0.1723
0.9174645879564743,0.06194610348222954,0.03407642605434708,0.2942081139334643,0.04465731634405209,0.00017994267561740812,0.002593578867307901,1.0,0.6297462421220144,0.8669493252085557,0.5022155922268847,0.020018439554567467,1.0,0.6221208608102705,0.0,0.6871031060881692,0.9912013174308637,0.0,1.0,0.742200175158581,0.8346526035373552,0.6150029327467006,0.009998341164615857,1.0,0.04195239046633998,0.6597092142159079,0.014534541409121486,0.9710261321848962,0.09219280722394696,0.16194350628312187,0.6937500323982563,0.0,0.0,0.2483524863476726,1.0193463802093515e-05,0.08928243274266842,-0.5535,0.5959,0.8377
0.36217718226999723,0.33336693334229667,0.010049548621699201,0.2009370701964132,0.02341782918719846,2.0013773444962285e-05,8.255290007072458e-05,1.0,0.654681893373876,0.8412208740572836,0.595113613501916,0.0348637028844607,0.3480080427677731,0.0028114744001292873,1.1453802424713846e-06,1.3684300074846488e-05,0.22040820779983633,0.023168496344633693,0.9997100939673734,0.687725668092934,0.9980867102805016,0.13402453084802826,2.827739244082766e-05,0.0,0.00047545857783668237,0.6479125838884634,0.48914528425625386,1.0,0.027154136691221353,0.9970160766170306,0.5743045151727755,0.9794183302083777,0.003562908878840412,0.1990781346899634,0.00026202452118090255,0.00010809214728341778,-0.4522,0.6999,0.4386
0.5687942466672695,0.328170364368722,0.01,0.2580274939241227,0.013918132307104206,0.0,0.0,0.9823091851624636,1.0,0.8701832070845658,0.6576035704965096,0.015755377202072884,0.17807669099369103,0.08989227866967497,0.00359087932797962,0.8036604625647097,0.8944354714993195,0.0,0.949481573048296,0.1356596325560322,0.942328386209516,0.30413351788673254,0.0,0.0,0.42436402307184534,0.0,0.0,0.3059188425518169,0.7793113489162089,1.0,0.7361015372652271,0.0,0.0,0.0,0.00040441206144733376,0.0,-0.4618,0.7265,0.395
0.7270602300236643,0.18026454170050488,0.010061726191442435,0.26419188053146564,0.029345435097195543,0.0004207085574100434,1.0700650927801937e-06,1.0,0.7755288917152445,0.84970546418749,0.257774963628443,0.0381441067845818,0.0764178462397479,0.05036868596428996,0.0008962710184244665,0.0,0.5605428879557018,0.0005193058865878807,0.9975662072454574,0.04988556961952449,0.5408868689282998,0.01,0.00011896963541507241,0.0,0.08872067698004739,0.8181754827628496,0.10634590493402601,0.861506105721046,0.7427988748204737,0.9851639679422329,0.3914332119552369,0.8502918421926419,0.005817047189857843,0.0,0.003365900357679164,0.012825370530473074,-0.4425,0.7761,0.2991
0.7402022706444105,0.4040535720450803,0.01452318542193876,0.28075883708515964,0.09657182424126097,0.00017355204594718456,0.0,0.07943535392779934,0.3455605566252973,0.8182618811312868,0.04166938314301183,0.02650231929914456,0.2545283609721219,0.0,0.0,0.0,1.0,0.2252304068024098,0.9916037867042667,0.14074690217138566,0.2925923008460883,0.01,0.00014957206085705125,0.0,0.034084755348328874,0.5587618003584004,0.7537471649680032,0.01,0.24211258181382755,1.0,0.5097250781307182,1.0,0.0019025072314304977,0.006201781461988489,0.0,0.0017810666718287012,-0.2488,0.7599,0.2512
0.9379164526179231,0.23146619443594685,0.010295824969189417,0.31054702058137684,0.012426524578982164,0.0009279777697548039,3.247355312873165e-05,1.0,1.0,0.8410848097136289,0.583909290430844,0.07284103283062972,0.23493307567500987,0.14126234680542787,7.408041966404156e-05,0.0010213549018297766,1.0,0.001218321881941022,0.9816368740680353,0.01,0.31525239143925876,0.038519983660877055,3.4821299692964317e-06,0.03334625871627425,0.3789100985952882,0.5155397204663799,0.0,0.032057926567884226,0.6735412806683155,0.9877841695042445,0.5902754529310635,0.02156198606115686,0.0007434663802172028,0.0,0.00032297977976001094,0.0006756765705122924,-0.3538,0.7885,0.2168
0.7121469574906353,0.4838457117227109,0.011492964836278286,0.3453804468555098,0.12381568505687603,0.002969854189508011,0.0,1.0,0.6981326765336204,0.9870337014055248,0.3300840365220763,0.01,0.01,0.04335534553418345,0.0,0.0,0.5294656593230552,0.0,0.9582531943140901,0.05821016089116006,0.35424716313248983,0.01,0.0001405283945490109,0.0,0.08675514277604347,0.8579738337432271,0.12460971958754577,0.8103823522762794,0.784989388803173,1.0,0.4179791410007763,1.0,0.0,0.0,0.0,0.005674369570479815,-0.4379,0.7784,0.2799
0.6004132416419723,0.33599450320847263,0.011047816441085268,0.29846992450190263,0.015086794694879505,0.0012375733013787447,0.0007133682510394032,1.0,0.9364875566085676,0.4701920075821884,0.2999726580884304,0.028307703407440824,0.3025879482477171,0.05915383640846402,0.0032909729796341894,7.072704235536145e-05,0.6916580619780021,0.0,0.9813308723067864,0.01068362822038803,1.0,0.01,0.0011102042206288126,0.0,0.0,0.25186664018084687,0.004287945305555055,1.0,0.6256774625625084,0.9999817812947027,0.21430342709511524,0.8011701456144528,0.04159674384549419,0.0,0.0032798159833530684,0.017433296663857373,-0.4426,0.6797,0.4729
0.6157071789835107,0.48791397182396423,0.012491027579394335,0.30092652149622157,0.1120157552722335,0.0020714098901456865,0.0,0.762920164544157,0.34972011789273183,0.8966369356278194,0.32472215442207536,0.02319140656105263,0.01,0.0,0.0,0.0,0.345509651963203,0.050769194064210495,0.9170577804702778,0.13556122125221695,0.20560613834431563,0.01,0.0,0.0,0.07599578397986881,1.0,0.2413215778827027,0.01,0.6870609593418293,0.23536134711449075,0.49555249140381724,1.0,0.0,0.0,0.0,0.0,-0.325,0.8913,0.0771
0.9797720698409916,0.1254079596155899,0.010052517621277917,0.37425105738950326,0.0,0.0,0.0036673193817402766,0.9974914106243384,0.8233381274046374,0.8984326985576216,0.010447129909526513,0.0433145879485566,0.09720519162696152,0.9588532002161598,0.0003093415626263334,0.006260945875951324,0.3275268882935337,0.0007126361340041564,0.979915489336859,0.05455587727727513,0.40560238960854017,1.0,5.730067467083042e-05,1.0,0.049414385419336904,0.15912475795412787,0.002782193748653433,0.8637306156350532,0.6358589428101892,0.9960816387951567,0.01,0.0,0.00199226896718311,0.004225514808011153,0.0005199358228470315,0.0047574741528588985,-0.4719,0.5799,0.7077
0.9005447781608935,0.35068076025655404,0.01,0.34306613089468513,0.1119629344528923,0.000239271443661816,0.0009042263687917419,0.9617940799161668,0.6923566898629397,0.8432645984480626,0.17008924329326877,0.04616051721392781,0.10807750527790162,0.012105260432603765,0.00046533690834668715,6.065526828571971e-05,0.6725224678564312,0.05936156395224543,0.9251828541263886,0.09298939223354906,0.6353413420924315,0.9613442374764503,0.0001785663431203466,0.9636403639941092,0.018150021482576446,0.0,0.1364222734048447,0.9792540999987703,0.9373332500698502,0.971095785975603,0.23540241052284155,0.019120326250384716,0.0032391406940785418,0.006612781041209021,3.0404271713783352e-05,0.02556850636561599,-0.4705,0.7483,0.466
0.5875189195410973,0.19856488432711802,0.01,0.22389398765161453,0.0492142049311684,0.00026651646103729814,0.0,0.9799042907614194,0.4328665860194049,0.9481507666208288,0.3333559093549714,0.062488397033297005,0.31808819838662333,0.0,0.0003592005245194912,0.0,1.0,0.11897622353320109,0.9761872698135718,0.08702201190545508,0.806724042658896,0.01,0.0,0.0,0.0,0.00624967169543022,0.30821804930143004,0.01,0.6343830402294841,1.0,0.3003742023072444,1.0,0.0167550771968596,0.0,0.0011931620721051016,0.0,-0.3457,0.7471,0.2879
0.7600405717017175,0.17455190813141155,0.015508481971534479,0.2648245847926433,0.05206220881830213,0.0,5.199524050517098e-06,1.0,0.5059322122489147,0.8486820742019928,0.472309075360281,0.019844752856007106,0.01,0.0,0.0,0.0,0.14072577322332944,0.0,0.9993741987899571,0.10113673964410208,0.4113497243288795,0.01,0.0026465851883512703,0.0,0.1136109569323527,0.12848749891709332,0.0,0.8200496948423096,0.25128486488283575,0.9844900723895086,0.4504209193790164,0.9214469458875296,0.008801753336219676,0.19749482257968984,0.003602339622009796,0.013347622178014818,-0.4538,0.7487,0.3727
0.9575843668033458,0.34203546984419714,0.01,0.3867295973137011,0.04999544151681387,0.0003148863464707774,0.00013599570073531073,0.9990016017187959,1.0,0.6765571857683372,0.06823072368657239,0.027475983401133983,0.16385129038398544,0.0,0.0002571140774924803,0.000829401079341287,0.8308033843978694,0.0,0.9861158336494972,0.05541423703651078,0.8044715910295007,0.9706943789485882,0.0,0.9224781937533104,0.0,0.0,0.0,1.0,0.6613657540894394,0.982905249134146,0.5086476447377465,0.010007980701079059,0.0012413406949973223,0.004577532648603057,0.006775937300008001,0.0,-0.4633,0.6969,0.4941
0.6655184453246052,0.36959512800608846,0.015223073724761636,0.30453151152361146,0.09347487209305766,0.00014066222399014512,0.0,0.9960622763102597,0.3493957957170268,0.8050396350055284,0.010793165569109744,0.02798970002219184,0.2321959212566023,0.006216594760881292,0.0,0.0,0.9999600605712561,0.19875295178443905,0.999513006426734,0.02289952068628958,0.2854367517104345,0.01,7.18994624549e-05,0.0,0.0061733420876114165,0.6097554792800804,0.7711146739188635,0.03024655690207464,0.03204659220577371,0.9952504178552665,0.587204934707192,1.0,0.0009486189000810294,0.0001777145227618266,0.0001245228557617869,0.0,-0.4329,0.7362,0.3152
0.5825833463082174,0.48707477740574934,0.05645778462161643,0.31409681526798405,0.06984340212682415,0.0015723056612661386,0.0007365959565701289,0.965426958621651,0.3426842925734429,0.7525373954365413,0.012434823515049848,0.0118194683087952,0.295825005835171,0.06298226674199571,0.00261883498659656,0.9505986615952554,1.0,0.3141330996813046,0.9793923371088566,0.6577761901396119,0.9578006802123872,0.01,0.001671740484786017,0.0,0.010036689178317633,0.5667588441158208,0.29689142939640384,0.0495898267448173,0.8154627553852705,0.9956285544851446,0.5458363071542935,0.9750580480282186,0.00921034058602497,0.00031739321170669863,0.009004441895394453,4.7716351088898644e-05,-0.3595,0.6968,0.4127
0.9522135578780225,0.23242946714895057,0.01,0.30949744026011267,0.011060592814285463,0.0009227113375693651,0.0,1.0,1.0,0.8570408332580236,0.6280581172353596,0.07320425577045277,0.22221203841619705,0.13907527241262066,0.0,0.0,0.9960420530382357,0.0,0.9518573085152564,0.01,0.30749105990502773,0.01,0.0,0.0,0.3943960503098643,0.5384213286284203,0.0,0.01,0.7211222005864233,0.9792213945906664,0.6411260325179,0.0,0.0,0.0,0.0,0.0,-0.3654,0.7947,0.1868
0.9158428858968596,0.23066096478009343,0.01,0.29290307895238643,0.006523244905120807,0.0010004710976339714,0.0,1.0,1.0,0.8494349327943062,0.7338146196694023,0.07471219734943615,0.2085677489488976,0.15269504342131424,0.0,0.0,0.9597719850818981,0.0,0.9438748550390718,0.01,0.20015603039307725,0.01,0.0,0.0,0.44709227274921426,0.5004646277270678,0.0,0.07367240014982457,0.553238387495663,0.9943357476811837,0.628947075100236,0.0,0.0,0.0,0.0,0.0011094443436566453,-0.3508,0.8291,0.1677
0.6131889936056749,0.21651193231832133,0.018315845930768574,0.24264970371773317,0.06255778255201057,0.00017946955051816637,1.8487022127808698e-05,0.9876527067336073,0.5033387553730987,0.939666910514225,0.2760629025632878,0.012825059966198822,0.2994125767085773,0.010953582535855022,8.238797545349918e-06,0.0,0.9892246346516693,0.10335107699747581,0.9945220416939047,0.09561330776263223,0.8095858689331324,0.05672055973837861,5.386951406083179e-06,0.00845655744350956,1.2684878416643788e-05,0.08888574904056942,0.2162010852370351,0.030839502156165585,0.6614877100735472,0.9952270220395874,0.3692776050502177,0.9935893590804895,0.012407603658298525,0.0,0.0009989434117496545,0.00020512102211505615,-0.4304,0.7562,0.2898
0.5503086664562745,0.3188145104889334,0.012260673280754517,0.25423895872851704,0.008676592598494563,0.0,0.0002582163738878452,1.0,1.0,0.8755003374991421,0.7141238615632043,0.014859903595113702,0.17845767581914113,0.09486427865875695,0.0038361531726734594,0.8513559086610267,0.901849187120152,0.0,0.9478400201377706,0.12089319962210952,0.9753748083213384,0.29316316867341635,0.0,0.0,0.46170737099478604,0.0,0.0,0.3081678062179424,0.7775047708904871,1.0,0.7618940111675687,0.0,0.0,0.0,0.00024161068757455124,0.0,-0.4636,0.7096,0.4762
0.5303582500491019,0.34304373942279814,0.01635864239259615,0.24632053619823754,0.0038293338266084083,0.0,0.0,0.9348803292633036,1.0,0.8532265058640027,0.7012214622594252,0.013081727105961135,0.21142374751907148,0.09694807254639783,0.004173781319076086,0.0,0.9703283289999117,0.0,0.9377988309551858,0.11729179037625034,0.08899374894998668,0.05762607538004738,0.0,0.0,0.45797665103425517,0.0,0.0,0.01,0.7382980937650228,0.9914308662742762,0.7125899472335162,0.0,0.0,0.0,0.0002968343162071564,0.0,-0.3563,0.8319,0.1469
0.5708725896665942,0.20166374145009358,0.017346391813930467,0.2226887884018545,0.04119096281216849,0.0002131417361213389,0.0,0.991946908648699,0.5021396407179918,0.9298398065243506,0.10351533582967974,0.01,0.33470815947971094,0.0,3.165330815618404e-05,0.0,0.9637008241793097,0.10675377954847186,0.995480371472786,0.130169182054559,0.8272655998789469,0.06565260114342113,1.7347203990661004e-05,0.0,0.0020185775665496394,0.11037486375727644,0.23402726078029915,0.03516574984086491,0.6763886082057777,1.0,0.3814019844173768,1.0,0.543723400757364,0.0,0.002826578666801997,0.0,-0.4409,0.7197,0.3624
0.9391582172704784,0.38527332198284653,0.010162467731116075,0.36873275778553066,0.04845355433893177,0.00018867417888117916,0.0008269751507274803,1.0,1.0,0.6084835933658327,0.08627016281475444,0.09183138578386753,0.04891138006777104,0.0,0.0,0.0007158437047525464,0.5320091550413839,0.006976888716986131,1.0,0.09430926607056361,0.8188984106230908,1.0,0.0001060798800790828,1.0,0.0011260983270487378,0.0004416792374529613,0.0,1.0,0.7951185255381467,1.0,0.5547694842957678,0.0,0.006057474301901149,0.010327892060796071,0.008299888740226996,0.0006084672844050186,-0.4736,0.7277,0.4749
0.7847726191399836,0.014188122705640068,0.01,0.24474418552678354,0.0,0.0008736083434396393,0.7498409674468055,1.0,0.4794610265886148,0.01,0.026218518410932576,0.028397665088485975,1.0,0.45810027824460914,0.006067745516524497,0.6817440294821813,1.0,0.0,0.9085819055982538,0.054467405638891936,1.0,0.11769399744097614,0.010484783394251107,0.9808206338578942,0.1782298724254312,0.18028333475940816,0.001939057558051265,1.0,0.41154128550210595,0.13408581218263727,0.730938107960283,0.007853273941336236,0.002000107751230333,1.0,0.009828690491826364,0.09206620251543318,-0.4706,0.5598,0.859
0.5693464637681683,0.3268887587488404,0.01,0.28113634433753504,0.022672396932130075,0.0004597568763453629,0.0,1.0,0.9852623307912345,0.8047387490060717,0.6267119578948912,0.08416735909609248,0.7521004490073353,0.21438019983109843,0.0004878173547849195,0.005879083006044533,0.9080938585600707,0.009547941082404674,0.9694416739584661,0.08395597140065535,0.22940211460700932,0.016522291985731127,0.00015696929587862972,0.0,0.34145337167692946,0.321026082619433,0.019816292343586048,1.0,0.6365599519611401,1.0,0.6269996966140924,0.0,0.005707723345226753,0.009691460653791088,0.0017401001664016477,0.0,-0.4727,0.8222,0.363
0.9551737424600579,0.26469291408125006,0.01,0.39642274022232094,0.06124305836930248,0.00036731359867447726,0.0,0.9978348174889886,1.0,0.6836388358796641,0.01,0.02415689765975485,0.15282607058429526,0.0,0.0,0.0,0.6692268640918614,0.0,0.9894188988346161,0.04714988016281358,0.7504887303856118,1.0,0.0,0.9808139490966561,0.00018770983467297385,0.0,0.0,1.0,0.8019581376833045,0.9635881204800425,0.5278376309116036,0.0,0.00022532988779425524,0.0,0.006995688073322812,0.00018700006019991135,-0.4688,0.6673,0.5422
0.9976170009220156,0.043597018222837215,0.01,0.3524555615321126,0.027181256202726854,0.0004387646266509533,0.007841119177021842,1.0,0.967982881015032,0.8774961445844305,0.01604606695353707,0.06548228682430016,0.10802411671905375,0.002812171741924386,0.0004247959170139357,0.000984280870223609,0.47870290754212125,0.0,0.9998537891018908,0.05311844942297894,0.636643688936698,0.9929748788263605,1.2726666446730981e-06,0.9931258936051218,0.0044445961910893565,0.0030936850651786963,0.0,0.9985136272082423,0.211239845577701,0.9355664184290158,0.5730626610911441,0.0,0.0,0.19247138577644532,0.0027080008981880846,0.024743978184966223,-0.4607,0.6296,0.6338
0.5435982877189295,1.0,0.012880983366378992,0.2102556121581529,0.0754830006000714,0.0,0.000144153564290194,0.9800501584190263,0.42148245426620246,0.9877815861715548,0.28534305303295815,0.01,0.3113055900178392,0.0,0.0,0.0,1.0,0.13632967168945004,1.0,0.14566613673461495,0.9549649220341664,0.01,0.0,0.0,0.0,0.0,0.2800617099914857,0.01,0.6726804500382446,1.0,0.3177649709559173,1.0,0.004472914498184252,0.0,0.0007189153777832817,0.0,-0.2447,0.7788,0.2084
0.9838942384892926,0.13238930067489338,0.019601557238560226,0.3215045315428214,0.0,0.0011069629933410827,0.0,1.0,1.0,0.8890633509391069,0.7304535751865735,0.07223227001657041,0.2540506961004036,0.1626758354150513,0.0,0.0005307779253134824,1.0,0.0,0.9421280871513853,0.0327368987040125,0.3177850661663396,0.016141906422907897,0.0,0.0,0.45936915184461763,0.6753876245160586,0.0,0.01,0.8068168161463939,0.9593123527624492,0.71656827596388,0.0,0.0,0.0,0.0,0.0,-0.3612,0.787,0.2213
0.9654527210892433,0.2662688247245774,0.010078471358959567,0.40285709249598844,0.06039259513239462,0.0001524397415572276,0.0,0.9955099434209203,1.0,0.6777891277976457,0.18652255851967578,0.017182185502208826,0.1475809353233451,0.0012372493633634493,0.0001465129797520022,0.0,0.6774386394289773,0.0,0.9904162858160513,0.041637609217167526,0.7597186692496799,1.0,0.0,0.9528159615541287,0.022112623950204913,0.0005462856834318758,0.0,0.5391801714728616,0.7607129391829761,0.9591723447199587,0.5447954890451043,0.0,0.0003481488676352713,0.00011802006388685465,0.006918879386371608,0.0,-0.4716,0.6874,0.5259
0.7659333223897877,0.20283141415368797,0.01483743132954911,0.2741273412027379,0.0542913509305989,6.442222602511493e-05,0.00010291351661627699,0.9896837615367634,0.5316229093709605,0.8417789883072212,0.42742885227946176,0.021092075712672964,0.02837101306028786,0.001259752126917569,4.273261608203357e-05,0.0003556093033394165,0.23577005749714977,0.014302160242739401,0.9946827404320411,0.10709937294110347,0.4555841783435433,0.06223508549671025,0.0022423819591541752,0.048217265829505515,0.10432986007483208,0.1769658869320176,0.013579720472508858,0.7631760027185795,0.3250654109423824,0.9820329306401243,0.4510576319556405,0.8530109360561228,0.007613942874715983,0.16840650804074045,0.003410410904610029,0.011355301447829825,-0.4538,0.7716,0.3553
0.6412195909069994,0.3509843840482041,0.01,0.29314608623256766,0.08845162240705871,0.0,0.005198643396630028,1.0,0.3242128961350526,0.8426652584412556,0.01,0.01,0.3060001070036292,0.004982907908959663,0.0,0.00728731531401965,1.0,0.21700726409365828,1.0,0.1879375859031949,1.0,0.01,0.0,0.0,0.0,0.6552660902145852,0.40496302994802036,0.01,0.786421431366898,1.0,0.5869137537773144,1.0,0.0,0.0007317169049611299,0.0,0.0,-0.3609,0.7093,0.3539
0.7464136164662666,0.2490363142797672,0.01118130715484791,0.28843286093777815,0.04265673751303575,0.0006213882558923616,0.0,0.9772804822601959,0.00421908085840016,0.876210193849379,0.42403339993261224,0.01,0.01,0.13718130702126827,0.0,0.0,0.6353885839230113,0.07130957941263398,0.9827108645766338,0.01,0.11547692729584658,0.17606547668110448,0.0,0.0,0.0,1.0,0.09005869968027014,0.01,0.1831795981088522,0.959332187251122,0.9430205722001375,1.0,0.0,0.0,0.0015167017263563527,0.0,-0.3208,0.869,0.1058
0.6093391818848896,0.1999847696270173,1.0,0.27181297184229913,0.06777026225207496,0.0,0.0,0.0,0.48549197400062727,1.0,0.237077584460262,0.01933890657799092,0.038396877187481075,0.03150490589017091,0.0,0.0,0.9822779793005925,0.0033037194049066083,0.592736855496824,0.14011389677070582,0.2983926118021814,0.01,0.00173390143801988,0.0,0.0020134273084480565,0.0,0.3112608646460457,0.040374535359681704,0.23899485145867233,0.9921969346101854,0.5810895568603336,1.0,0.021068832977913527,0.0,0.0018429383132409557,0.00017288801721910256,-0.2426,0.8969,0.0497
0.5806983968480578,0.31904942808863945,0.010058149949195457,0.28419464290338065,0.013299607010971283,0.0001228494285808454,5.397237624666764e-05,1.0,0.9960808556064199,0.8087068807852633,0.5715083981806497,0.08888324173009687,0.6851140151826595,0.1887523291154701,0.0014176592006588053,0.19055138625915893,0.8420149648542176,0.002929871661738798,0.9749528187985602,0.060795453965043544,0.265189554541318,0.01,0.00011212620931824303,0.0,0.3079575941637735,0.2677752810155495,0.09794584781173221,1.0,0.6890326066431937,0.9997671597487969,0.6109570748776983,0.0022913278531779247,0.0015220144380339922,0.0009323962445284529,0.0018227929356316916,0.0010118385611666801,-0.4633,0.8248,0.3488
0.6956998439517088,0.30699159982747903,0.010081354176855194,0.31252860620276096,0.024108778745308337,0.003436545961174532,0.0,0.9940494117267135,0.8796218292654922,0.7705727827350227,0.13273984377476736,0.08777925366596882,0.28528933536840884,0.13457746464033196,0.0003245957560752894,0.0024146725518575346,0.679942133370306,0.07830785946255121,0.9258726855893322,0.060247573425487255,1.0,0.3132732527616348,0.0,0.16180206654808865,0.0,0.19236870349868948,0.0,0.9632856634692811,0.7162695911347773,0.9446110425751131,0.31077158220970214,0.7030505934207042,0.027149731829903892,0.0,0.0022453341807684786,0.0,-0.4522,0.6861,0.4895
0.592137413258094,0.31972448086545735,0.01,0.2844215603159359,0.01133901849602589,0.00014124930000417268,0.00016380744644274028,0.999357872038419,1.0,0.8075215538103134,0.5596159884250452,0.08696443587394068,0.6751994045719503,0.40707591767587603,3.484147609845389e-05,0.0,0.8220226226610139,0.0,0.9753807607308802,0.061221078475357474,0.28715745309362195,0.01,0.00010698421524920488,0.0,0.3033841025159486,0.25442414994972806,0.11823938058233557,1.0,0.6910147845271307,0.9892268847759604,0.6131826938267234,0.0,0.0016091117353167143,0.0001986524819281601,0.001714962040175239,0.0,-0.4516,0.8374,0.2778
